created_at,id,created_at,author,location,retweet_count,tweet,in_reply
2017-10-11 19:08:18,918191547421724673,2017-10-11 19:08:18,Ragnhild63,,3,"RT @LenaBolander: @vistarinteut R√§ttsvidrigt !
Hur kan regeringen offra de ensamkommande, pga tidigare d√•lig migrationspolitik ?
#l√•tdeunga‚Ä¶",
2017-10-11 19:07:42,918191395126562817,2017-10-11 19:07:42,Ragnhild63,,3,RT @AnnikaOdmyr: @vistarinteut Och nu √§r den oh√•llbar f√∂r oss som st√•r n√§ra de barn och unga ni vr√§ker fr√•n v√•rt land. #vist√•rinteut #l√•tde‚Ä¶,
2017-10-11 19:05:03,918190728748191744,2017-10-11 19:05:03,hvmalortie,www.nyaunga@wordpress.com     ,22,RT @vistarinteut: Tack R√∂da Korset! #l√•tdeungastanna #amnestinu https://t.co/UlLals6lQ2,
2017-10-11 19:02:12,918190011815776256,2017-10-11 19:02:12,Hamnviken,"Kramfors, Sweden",3,RT @AnnikaOdmyr: @vistarinteut Och nu √§r den oh√•llbar f√∂r oss som st√•r n√§ra de barn och unga ni vr√§ker fr√•n v√•rt land. #vist√•rinteut #l√•tde‚Ä¶,
2017-10-11 19:02:05,918189980119334914,2017-10-11 19:02:05,Hamnviken,"Kramfors, Sweden",3,"RT @LenaBolander: @vistarinteut R√§ttsvidrigt !
Hur kan regeringen offra de ensamkommande, pga tidigare d√•lig migrationspolitik ?
#l√•tdeunga‚Ä¶",
2017-10-11 19:01:49,918189915845820422,2017-10-11 19:01:49,sodermolle,,6,"RT @berge_stina: Nu kurar ett hundratal m√§nniskor vid f√∂rvaret i K√•llered. Ett hundratal poliser, kravallstaket o kitet ocks√•. Dagen D.#l√•t‚Ä¶",
2017-10-11 19:01:17,918189779975659520,2017-10-11 19:01:17,KarinMomma,,19,RT @MRuneson: Vi har ingen polisbrist i Sverige. Jag vet var de √§r. De utvisar barn till krig. #l√•tdeungastanna  @socialdemokrat @milj√∂part‚Ä¶,
2017-10-11 18:58:23,918189050762289152,2017-10-11 18:58:23,sodermolle,,22,"RT @KristinaEriks10: Unga som vr√•lar ut sin √•ngest: Migration, migration - stop deportation. #l√•tdeungastanna https://t.co/0efOV5LRkX",
2017-10-11 18:57:19,918188783597768704,2017-10-11 18:57:19,EliAhl,Stockholm,3,"RT @LenaBolander: @vistarinteut R√§ttsvidrigt !
Hur kan regeringen offra de ensamkommande, pga tidigare d√•lig migrationspolitik ?
#l√•tdeunga‚Ä¶",
2017-10-11 18:57:17,918188773409685504,2017-10-11 18:57:17,EliAhl,Stockholm,3,RT @AnnikaOdmyr: @vistarinteut Och nu √§r den oh√•llbar f√∂r oss som st√•r n√§ra de barn och unga ni vr√§ker fr√•n v√•rt land. #vist√•rinteut #l√•tde‚Ä¶,
2017-10-11 18:56:39,918188613254426624,2017-10-11 18:56:39,sodermolle,,7,RT @KristinaZanotti: @EliAhl @Migrationsverk @MRibbenvik @SwedishPM @helene_fritzon n√§r nu R√∂da Korset drastiskt minskar sin n√§rvaro kanske‚Ä¶,
2017-10-11 18:48:49,918186644100075520,2017-10-11 18:48:49,sodermolle,,9,RT @utesto1108: @vistarinteut Det √§r mycket primitivt att utvisa ungar till otrygghet och kaos skrev @Kallifatides idag. Jag k√§nner obeskri‚Ä¶,
2017-10-11 18:43:35,918185327117963265,2017-10-11 18:43:35,sodermolle,,6,RT @HelenaJnebratt: @PolitismSE @fragariasatsala L√§rarna fick nog av den inhumana flyktingpolitiken f√∂r l√§nge sen #l√•tdeungastanna,
2017-10-11 18:41:20,918184758194180097,2017-10-11 18:41:20,sodermolle,,10,RT @LenaBolander: @AndersWijkman @vistarinteut @ljugeman Tack Anders ! Som du m√§rker finns det mycket okunskap i samh√§llet om de ensamkomma‚Ä¶,
2017-10-11 18:40:18,918184498579337216,2017-10-11 18:40:18,sodermolle,,5,RT @MajBrittJonsso1: @vistarinteut Varf√∂r g√∂r vi s√• h√§r mot unga m√§nniskor? @Migrationsverk @socialdemokrat @Swpol ta ert medm√§nskliga ansv‚Ä¶,
2017-10-11 18:37:35,918183816157716481,2017-10-11 18:37:35,cornelias_,,16,RT @TeacherMe2: Jag sk√§ms sk√§ms sk√§ms! M√•tte @SwedishPM ocks√• g√∂ra det. Vad h√•ller Sverige p√• med? Varf√∂r √§r vi inte fler som protesterar?‚Ä¶,
2017-10-11 18:37:31,918183799992864769,2017-10-11 18:37:31,sodermolle,,3,RT @TangoThea1: @goteborgsfria Gr√§sligt!#l√•tdeungastanna,
2017-10-11 18:37:26,918183777922318338,2017-10-11 18:37:26,sodermolle,,11,RT @KristinaZanotti: @vistarinteut Att detta kan h√§nda i Sverige. N√§r man tror botten √§r n√•dd s√•......#l√•tdeungastanna,
2017-10-11 18:34:53,918183136730730496,2017-10-11 18:34:53,KarinWa06226670,,9,RT @KristinaZanotti: @fragariasatsala @johanssonmorgan @Stefan_Lofven @SwedishPM @annieloof Pinsamt f√∂r Sverige att bli tillr√§ttavisade av‚Ä¶,
2017-10-11 18:32:23,918182507132215296,2017-10-11 18:32:23,sodermolle,,9,RT @KristinaZanotti: @fragariasatsala @johanssonmorgan @Stefan_Lofven @SwedishPM @annieloof Pinsamt f√∂r Sverige att bli tillr√§ttavisade av‚Ä¶,
2017-10-11 18:30:29,918182027471486978,2017-10-11 18:30:29,AnnikaOdmyr,,0,"Ingen, s√§ger ingen, kan s√§ga vi visste inte. Utvisningarna blir v√•r tids skamliga historia. #l√•tdeungastanna #vist√•rinteut",
2017-10-11 18:29:47,918181853688983552,2017-10-11 18:29:47,eldorado6,J√§rf√§lla f. i V√§ster√•s Sweden,16,RT @TeacherMe2: Jag sk√§ms sk√§ms sk√§ms! M√•tte @SwedishPM ocks√• g√∂ra det. Vad h√•ller Sverige p√• med? Varf√∂r √§r vi inte fler som protesterar?‚Ä¶,
2017-10-11 18:26:23,918180997728034822,2017-10-11 18:26:23,rickardx,J√∂nk√∂ping,19,RT @MRuneson: Vi har ingen polisbrist i Sverige. Jag vet var de √§r. De utvisar barn till krig. #l√•tdeungastanna  @socialdemokrat @milj√∂part‚Ä¶,
2017-10-11 18:24:40,918180566951964673,2017-10-11 18:24:40,AnnikaOdmyr,,3,@vistarinteut Och nu √§r den oh√•llbar f√∂r oss som st√•r n√§ra de barn och unga ni vr√§ker fr√•n v√•rt land. #vist√•rinteut #l√•tdeungastanna,918171556106338305
2017-10-11 18:24:13,918180454498492416,2017-10-11 18:24:13,AnnikaOdmyr,,0,@socialdemokrat @SwedishPM Och nu √§r den oh√•llbar f√∂r oss som st√•r n√§ra de barn och unga ni vr√§ker fr√•n v√•rt land.‚Ä¶ https://t.co/ZtVWUmzIDB,918020579717869568
2017-10-11 18:21:38,918179800963051523,2017-10-11 18:21:38,LenaBolander,,3,"@vistarinteut R√§ttsvidrigt !
Hur kan regeringen offra de ensamkommande, pga tidigare d√•lig migrationspolitik ?
#l√•tdeungastanna",918171556106338305
2017-10-11 18:13:49,918177836065751041,2017-10-11 18:13:49,sodermolle,,24,"RT @vistarinteut: Men polisen s√§ger inte n√§r planet ska avg√•, s√• det kan komma fler verkst√§llighetshinder innan planet lyfter.  #l√•tdeungas‚Ä¶",
2017-10-11 18:07:14,918176176736219136,2017-10-11 18:07:14,busbra1,"M√∂rsil, J√§mtland",5,"RT @LenaBolander: @RodaKorset Tack R√∂da korset !  Regeringen har tyv√§rr  tappat f√∂rst√•ndet. Of√∂rl√•tligt mot de ensamkommande.
#l√•tdeungasta‚Ä¶",
2017-10-11 18:07:07,918176149389357058,2017-10-11 18:07:07,busbra1,"M√∂rsil, J√§mtland",5,RT @MajBrittJonsso1: @RodaKorset Tack R√∂da Korset! Lyssna @socialdemokrat @Swpol p√• de som vet. Stoppa utvisningarna nu o #l√•tdeungastanna,
2017-10-11 18:07:01,918176125746114561,2017-10-11 18:07:01,busbra1,"M√∂rsil, J√§mtland",6,RT @karwik02: @RodaKorset Tack @RodaKorset! Du har blod p√• dina h√§nder @SwedishPM avg√•! #l√•tdeungastanna @vistarinteut,
2017-10-11 18:06:40,918176033806876673,2017-10-11 18:06:40,busbra1,"M√∂rsil, J√§mtland",0,@LisenVogt @socialdemokrat Vad h√•ller Sverige p√• med?? #l√•tdeungastanna,917821809524924416
2017-10-11 18:06:25,918175972490346496,2017-10-11 18:06:25,sodermolle,,125,"RT @foraretaffel: Idag √§r en skammens dag. Sk√∂ra ungdomar, flera utan lokalk√§nnedom och n√§tverk utvisas till ett otroligt farligt land. #l√•‚Ä¶",
2017-10-11 18:05:47,918175813983506433,2017-10-11 18:05:47,busbra1,"M√∂rsil, J√§mtland",12,"RT @LisenVogt: Splittra familjer, skicka unga till Afghanistan. Helt ov√§rdigt @socialdemokrat G√∂r om g√∂r r√§tt #l√•tdeungastanna https://t.co‚Ä¶",
2017-10-11 18:05:22,918175709985722368,2017-10-11 18:05:22,busbra1,"M√∂rsil, J√§mtland",125,"RT @foraretaffel: Idag √§r en skammens dag. Sk√∂ra ungdomar, flera utan lokalk√§nnedom och n√§tverk utvisas till ett otroligt farligt land. #l√•‚Ä¶",
2017-10-11 18:04:43,918175543345995776,2017-10-11 18:04:43,sodermolle,,13,RT @berge_stina: Det vore rej√§lt p√• n√•t vis! V√§nligen Stina Berge. @regering @svtagenda @Stefan_Lofven @SR_Kaliber @vistarinteut #l√•tdeunga‚Ä¶,
2017-10-11 17:51:58,918172337681391616,2017-10-11 17:51:58,rastadg,,5,RT @BriHed11: Lyssnat p√• @SwedishPM i partiledardebatten. Jag ryser. Skr√§mselpolitik! Pekpinnar!Tappar ALLT f√∂rtroende @socialdemokrat #l√•t‚Ä¶,
2017-10-11 17:42:15,918169892146307072,2017-10-11 17:42:15,Taqiahmadi72gm1,"G√§vle, Sverige",23,"RT @nabizadehse: Sitt strejken forts√§tter, vi ger inte upp ‚úä stoppa utvisningarna till Afghanistan #svpol #ungisverige #l√•tdeungastanna #EU‚Ä¶",
2017-10-11 17:38:06,918168847257161728,2017-10-11 17:38:06,lensah57,,1,RT @Ragnhild63: ja nu ska det bli ordning #l√•tdeungastanna @Migrationsverk https://t.co/Pghx87FXic,
2017-10-11 17:35:59,918168313636761607,2017-10-11 17:35:59,TjatteHedlund,"Economic Justice, Human Rights",19,RT @MRuneson: Vi har ingen polisbrist i Sverige. Jag vet var de √§r. De utvisar barn till krig. #l√•tdeungastanna  @socialdemokrat @milj√∂part‚Ä¶,
2017-10-11 17:32:23,918167409076396032,2017-10-11 17:32:23,LisenVogt,,0,V√§rre oordning och oreda f√•r en leta efter. Stoppa utvisningarna och g√∂r om. #l√•tdeungastanna https://t.co/GL4nDCq7BG,
2017-10-11 17:30:53,918167030787911680,2017-10-11 17:30:53,LisenVogt,,0,S√• ov√§rdigt och skamligt Sverige! #l√•tdeungastanna https://t.co/MVLD79JToF,
2017-10-11 17:29:01,918166560455393280,2017-10-11 17:29:01,LisenVogt,,0,"https://t.co/lm64IDiOJg

Vet regeringen b√§ttre √§n Amnesty, R√∂da korset och andra organisationer? @SwedishPM #l√•tdeungastanna",
2017-10-11 17:08:25,918161376060813313,2017-10-11 17:08:25,Ragnhild63,,1,ja nu ska det bli ordning #l√•tdeungastanna @Migrationsverk https://t.co/Pghx87FXic,
2017-10-11 17:06:43,918160950821302274,2017-10-11 17:06:43,Ragnhild63,,0,s√• bra att inte alla f√∂ljer partipiskan och handlar efter eget huvud #l√•tdeungastanna fr√•n och med nu https://t.co/HNbYBaXAuJ,
2017-10-11 16:53:37,918157651334389761,2017-10-11 16:53:37,lensah57,,10,"RT @MadeleineMaddis: Orimligt @SwedishPM skamligt och oanst√§ndigt av @socialdemokrat 
#l√•tdeungastanna #vist√•rinteut 
https://t.co/kjegHttI‚Ä¶",
2017-10-11 16:49:11,918156535284543488,2017-10-11 16:49:11,LisenVogt,,0,S√• agerar Sverige samtidigt som beslut ska tas om FN¬¥s barnkonvention. Dags att v√§lja d√•. Detta √§r of√∂renligt!‚Ä¶ https://t.co/gEmuJTCnrL,
2017-10-11 16:35:52,918153183364558849,2017-10-11 16:35:52,KKvisler,"√ñrbyhus, Sweden",19,RT @MRuneson: Vi har ingen polisbrist i Sverige. Jag vet var de √§r. De utvisar barn till krig. #l√•tdeungastanna  @socialdemokrat @milj√∂part‚Ä¶,
2017-10-11 16:35:31,918153095187746817,2017-10-11 16:35:31,KKvisler,"√ñrbyhus, Sweden",17,RT @KinnaVSIU: Vi ger aldrig upp och vi blir fler och fler f√∂r varje dag. Allm√§nheten b√∂rjar f√∂rst√• och snart √§r det val. #l√•tdeungastanna‚Ä¶,
2017-10-11 16:35:16,918153036006088704,2017-10-11 16:35:16,KKvisler,"√ñrbyhus, Sweden",7,RT @TittiSchnbeck: Modiga inom S! Hoppfullt??Utbrytargrupp inom S vill stoppa utvisningarna till Afghanistan - DN.SE https://t.co/5heyuby7i‚Ä¶,
2017-10-11 16:34:03,918152728593027074,2017-10-11 16:34:03,KKvisler,"√ñrbyhus, Sweden",9,RT @KristinaZanotti: @fragariasatsala @johanssonmorgan @Stefan_Lofven @SwedishPM @annieloof Pinsamt f√∂r Sverige att bli tillr√§ttavisade av‚Ä¶,
2017-10-11 16:32:06,918152235837804546,2017-10-11 16:32:06,mlawbarrett,"Uppsala/Stockholm, Sweden",125,"RT @foraretaffel: Idag √§r en skammens dag. Sk√∂ra ungdomar, flera utan lokalk√§nnedom och n√§tverk utvisas till ett otroligt farligt land. #l√•‚Ä¶",
2017-10-11 16:30:37,918151864386048002,2017-10-11 16:30:37,ambrowoll,,10,"RT @MadeleineMaddis: Orimligt @SwedishPM skamligt och oanst√§ndigt av @socialdemokrat 
#l√•tdeungastanna #vist√•rinteut 
https://t.co/kjegHttI‚Ä¶",
2017-10-11 16:30:23,918151805040779264,2017-10-11 16:30:23,ambrowoll,,7,RT @TittiSchnbeck: OBS!! Hur √§r det m√∂jligt att Sverige v√§ljer att skicka unga i d√∂den? #svpol #stopdeportation #l√•tdeungastanna https://t.‚Ä¶,
2017-10-11 16:29:51,918151669111771136,2017-10-11 16:29:51,ambrowoll,,69,RT @vistarinteut: Traumatiserade unga asyls√∂kande behandlas brutalt. #l√•tdeungastanna @Migrationsverk #cst√§mma @socialdemokrat https://t.co‚Ä¶,
2017-10-11 16:22:39,918149859500322816,2017-10-11 16:22:39,Odovokar,,16,RT @TeacherMe2: Jag sk√§ms sk√§ms sk√§ms! M√•tte @SwedishPM ocks√• g√∂ra det. Vad h√•ller Sverige p√• med? Varf√∂r √§r vi inte fler som protesterar?‚Ä¶,
2017-10-11 16:22:18,918149771759628288,2017-10-11 16:22:18,Odovokar,,10,"RT @MadeleineMaddis: Orimligt @SwedishPM skamligt och oanst√§ndigt av @socialdemokrat 
#l√•tdeungastanna #vist√•rinteut 
https://t.co/kjegHttI‚Ä¶",
2017-10-11 16:22:10,918149737752166401,2017-10-11 16:22:10,Odovokar,,7,RT @TittiSchnbeck: OBS!! Hur √§r det m√∂jligt att Sverige v√§ljer att skicka unga i d√∂den? #svpol #stopdeportation #l√•tdeungastanna https://t.‚Ä¶,
2017-10-11 16:16:34,918148329665638400,2017-10-11 16:16:34,KKvisler,"√ñrbyhus, Sweden",0,@KristinaZanotti @SweKek @vistarinteut @dagensnyheter @Migrationsverk @socialdemokrat #l√•tdeungastanna och sluta ka‚Ä¶ https://t.co/WkUV07jwzO,918130323375915008
2017-10-11 16:13:22,918147521343606789,2017-10-11 16:13:22,KarinMomma,,16,RT @TeacherMe2: Jag sk√§ms sk√§ms sk√§ms! M√•tte @SwedishPM ocks√• g√∂ra det. Vad h√•ller Sverige p√• med? Varf√∂r √§r vi inte fler som protesterar?‚Ä¶,
2017-10-11 16:12:54,918147405853396992,2017-10-11 16:12:54,MimmiKB,"Malm√∂, Sverige",125,"RT @foraretaffel: Idag √§r en skammens dag. Sk√∂ra ungdomar, flera utan lokalk√§nnedom och n√§tverk utvisas till ett otroligt farligt land. #l√•‚Ä¶",
2017-10-11 16:10:44,918146859583107072,2017-10-11 16:10:44,KarinMomma,,18,RT @fiafredrika: 1994 ber regeringen om urs√§kt f√∂r Baltutl√§mningen. Idag utvisas afghaner till krig. N√§r kommer Sverige be om urs√§kt f√∂r de‚Ä¶,
2017-10-11 16:08:50,918146380677427206,2017-10-11 16:08:50,nystane,Sverige,16,RT @TeacherMe2: Jag sk√§ms sk√§ms sk√§ms! M√•tte @SwedishPM ocks√• g√∂ra det. Vad h√•ller Sverige p√• med? Varf√∂r √§r vi inte fler som protesterar?‚Ä¶,
2017-10-11 16:04:08,918145197371985921,2017-10-11 16:04:08,kickitraff,"V√§ster√•s, Sverige",19,RT @MRuneson: Vi har ingen polisbrist i Sverige. Jag vet var de √§r. De utvisar barn till krig. #l√•tdeungastanna  @socialdemokrat @milj√∂part‚Ä¶,
2017-10-11 15:56:13,918143208986685440,2017-10-11 15:56:13,LinnOlauson,@harnosandstad and the world!,27,"RT @fiafredrika: Varf√∂r n√§mns inte ens Sveriges st√∂rsta och p√•g√•ende skamfl√§ck, utvisningarna av unga till Afghanistan, i #pldebatt? #l√•tde‚Ä¶",
2017-10-11 15:51:05,918141914204995589,2017-10-11 15:51:05,tanjushka3,v√§rlden,0,"@veronicapalm Och n√§r han √§r d√•lig s√• g√∂r han det s√• j√§kla bra, Dvs nonchalerar Amnesty International .#l√•tdeungastanna",918062877638037504
2017-10-11 15:32:54,918137337284046848,2017-10-11 15:32:54,BriHed11,√Öre kommun,11,RT @KristinaZanotti: @vistarinteut Att detta kan h√§nda i Sverige. N√§r man tror botten √§r n√•dd s√•......#l√•tdeungastanna,
2017-10-11 15:31:34,918137002574450688,2017-10-11 15:31:34,BriHed11,√Öre kommun,6,RT @LisenVogt: @ElinLudis Bra @ElinLudis Samla alla goda krafter inom alla partier och b√∂rja diskutera en l√∂sning #l√•tdeungastanna,
2017-10-11 15:29:30,918136484384952321,2017-10-11 15:29:30,BriHed11,√Öre kommun,12,"RT @LisenVogt: Splittra familjer, skicka unga till Afghanistan. Helt ov√§rdigt @socialdemokrat G√∂r om g√∂r r√§tt #l√•tdeungastanna https://t.co‚Ä¶",
2017-10-11 15:20:24,918134195263885312,2017-10-11 15:20:24,mohammadi9088,Hazaristan/Sverige ,19,RT @MRuneson: Vi har ingen polisbrist i Sverige. Jag vet var de √§r. De utvisar barn till krig. #l√•tdeungastanna  @socialdemokrat @milj√∂part‚Ä¶,
2017-10-11 15:17:03,918133350904336384,2017-10-11 15:17:03,KristinaZanotti,,19,RT @MRuneson: Vi har ingen polisbrist i Sverige. Jag vet var de √§r. De utvisar barn till krig. #l√•tdeungastanna  @socialdemokrat @milj√∂part‚Ä¶,
2017-10-11 15:16:30,918133210479054849,2017-10-11 15:16:30,KristinaZanotti,,12,"RT @LisenVogt: Splittra familjer, skicka unga till Afghanistan. Helt ov√§rdigt @socialdemokrat G√∂r om g√∂r r√§tt #l√•tdeungastanna https://t.co‚Ä¶",
2017-10-11 14:56:03,918128064340594688,2017-10-11 14:56:03,mariecarlsson5,,125,"RT @foraretaffel: Idag √§r en skammens dag. Sk√∂ra ungdomar, flera utan lokalk√§nnedom och n√§tverk utvisas till ett otroligt farligt land. #l√•‚Ä¶",
2017-10-11 14:49:16,918126358479495169,2017-10-11 14:49:16,ChristinaHgber3,"√ñcker√∂, Sverige",28,RT @AsaLindhagen: Det √§r vansinne att vi s√§nder unga in i d√∂den. Stoppa utvisningarna till Afghanistan! #l√•tdeungastanna #vist√•rinteut http‚Ä¶,
2017-10-11 14:48:33,918126176241111040,2017-10-11 14:48:33,ChristinaHgber3,"√ñcker√∂, Sverige",16,RT @TeacherMe2: Jag sk√§ms sk√§ms sk√§ms! M√•tte @SwedishPM ocks√• g√∂ra det. Vad h√•ller Sverige p√• med? Varf√∂r √§r vi inte fler som protesterar?‚Ä¶,
2017-10-11 14:43:15,918124844721487872,2017-10-11 14:43:15,BriHed11,√Öre kommun,3,"RT @KristinaZanotti: @BriHed11 @socialdemokrat @Migrationsverk @vistarinteut Men de kan aldrig s√§ga ""Vi visste inte"". Alla har f√•tt minst e‚Ä¶",
2017-10-11 14:42:04,918124546036822016,2017-10-11 14:42:04,tillda3,Sweden,125,"RT @foraretaffel: Idag √§r en skammens dag. Sk√∂ra ungdomar, flera utan lokalk√§nnedom och n√§tverk utvisas till ett otroligt farligt land. #l√•‚Ä¶",
2017-10-11 14:39:10,918123815909109760,2017-10-11 14:39:10,BriHed11,√Öre kommun,2,RT @HelenaJnebratt: @frksarapersson @vistarinteut @SwedishPM @DavidQvistrom Vilket Sverige vill du ha @SwedishPM  - solidariskt eller osoli‚Ä¶,
2017-10-11 14:36:24,918123122208862209,2017-10-11 14:36:24,JohanssoBritt,,7,RT @TittiSchnbeck: Modiga inom S! Hoppfullt??Utbrytargrupp inom S vill stoppa utvisningarna till Afghanistan - DN.SE https://t.co/5heyuby7i‚Ä¶,
2017-10-11 14:31:48,918121961934422016,2017-10-11 14:31:48,JohanssoBritt,,8,RT @Hamnviken: #l√•tdeungastanna och anv√§nd mina skattepengar till n√•t vettigt och l√•t polisen jaga brottslingar ist√§llet https://t.co/a6jGI‚Ä¶,
2017-10-11 14:31:16,918121828891201536,2017-10-11 14:31:16,JohanssoBritt,,3,"RT @MadeleineMaddis: Fruktansv√§rt att @Migrationsverk och @SwedishPM l√•ter detta ske
#l√•tdeungastanna #vist√•rinteut https://t.co/bbHVRhMXWn",
2017-10-11 14:22:19,918119577040637952,2017-10-11 14:22:19,BriHed11,√Öre kommun,6,RT @KinnaVSIU: @Kallifatides De chartrade planen till Kabul kommer st√• i v√•ra historie b√∂cker som svart skam fl√§ck. #l√•tdeungastanna https:‚Ä¶,
2017-10-11 14:19:09,918118779288195072,2017-10-11 14:19:09,BriHed11,√Öre kommun,28,RT @AsaLindhagen: Det √§r vansinne att vi s√§nder unga in i d√∂den. Stoppa utvisningarna till Afghanistan! #l√•tdeungastanna #vist√•rinteut http‚Ä¶,
2017-10-11 14:13:52,918117451539329027,2017-10-11 14:13:52,ambrowoll,,8,RT @Hamnviken: #l√•tdeungastanna och anv√§nd mina skattepengar till n√•t vettigt och l√•t polisen jaga brottslingar ist√§llet https://t.co/a6jGI‚Ä¶,
2017-10-11 14:09:09,918116261967618050,2017-10-11 14:09:09,Eirazeta,,16,RT @TeacherMe2: Jag sk√§ms sk√§ms sk√§ms! M√•tte @SwedishPM ocks√• g√∂ra det. Vad h√•ller Sverige p√• med? Varf√∂r √§r vi inte fler som protesterar?‚Ä¶,
2017-10-11 14:08:32,918116107369754624,2017-10-11 14:08:32,BriHed11,√Öre kommun,3,RT @KristinaZanotti: @MadeleineMaddis @Ygeman @Ygeman att ta emot √§r inte lika med att ta hand om. Det √§r vad Sverige ska g√∂ra nu inte depo‚Ä¶,
2017-10-11 14:08:10,918116016160497665,2017-10-11 14:08:10,BriHed11,√Öre kommun,4,"RT @MadeleineMaddis: @Ygeman vi kan ta hand om de vi har, sv√•rare √§r det inte Du √§r en skam f√∂r Sverige #l√•tdeungastanna #vist√•rinteut http‚Ä¶",
2017-10-11 14:07:03,918115736207360002,2017-10-11 14:07:03,BriHed11,√Öre kommun,7,"RT @lensah57: https://t.co/6RSwA8xUcK
Lyssna p√• @bjornmellquist i Karlavagnen!!! F√∂rsta avsnittet - direkt efter introt. 
#l√•tdeungastanna",
2017-10-11 14:03:09,918114750952886272,2017-10-11 14:03:09,lena_sorlin,,0,@RodaKorset Tack R√∂da korset! #l√•tdeungastanna #amnestinu,917700477424455680
2017-10-11 14:00:27,918114071681134594,2017-10-11 14:00:27,MadeleineMaddis,,3,RT @KristinaZanotti: @MadeleineMaddis @Ygeman @Ygeman att ta emot √§r inte lika med att ta hand om. Det √§r vad Sverige ska g√∂ra nu inte depo‚Ä¶,
2017-10-11 13:52:57,918112186131795968,2017-10-11 13:52:57,rastadg,,12,RT @KinnaVSIU: Dubbelmoral p√• h√∂g niv√• #l√•tdeungastanna https://t.co/uTOEDhTcys,
2017-10-11 13:51:28,918111812687683584,2017-10-11 13:51:28,johansnowberg,Swe ,13,RT @KristinaEriks10: Precis mina tankar efter fem timmar utanf√∂r f√∂rvaret i K√•llered. L√§s hela ranten. @socialdemokrat #l√•tdeungastanna htt‚Ä¶,
2017-10-11 13:50:56,918111679908663296,2017-10-11 13:50:56,rastadg,,16,RT @KristinaEriks10: N√§r signalpolitik √§r viktigare √§n m√§nniskoliv. #l√•tdeungastanna https://t.co/hoQlK6Gku2,
2017-10-11 13:48:19,918111020438220800,2017-10-11 13:48:19,chivarsson1,"Stockholm, Sverige",6,RT @LenaBolander: @Kallifatides Tack Theodor att du uppm√§rksammar detta vansinne ! Vem ansvarar n√§r de ensamkommande  d√∂r i Afhanistan? #l√•‚Ä¶,
2017-10-11 13:44:44,918110119883345920,2017-10-11 13:44:44,poetingx,,1,RT @Eirazeta: √Ñr det verkligen trygga svenskars jobb att best√§mma om BARN som flyr fr√•n krig ska f√• leva eller inte???? #L√•tdeungastanna,
2017-10-11 13:42:28,918109549705486339,2017-10-11 13:42:28,karwik02,,2,RT @KristinaZanotti: @AnetteGranstrom Ja 10/10 √§r en datum som vi inte t√§nker l√•ta de styrande i Sverige gl√∂mma.#l√•tdeungastanna,
2017-10-11 13:41:16,918109247161937922,2017-10-11 13:41:16,BriHed11,√Öre kommun,2,RT @KristinaZanotti: @AnetteGranstrom Ja 10/10 √§r en datum som vi inte t√§nker l√•ta de styrande i Sverige gl√∂mma.#l√•tdeungastanna,
2017-10-11 13:37:12,918108222174760961,2017-10-11 13:37:12,karwik02,,5,"RT @KristinaEriks10: Allvarligt talat, √§r det inte b√§ttre polisen f√•r syssla med annat?! Stoppa deportationerna nu. #l√•tdeungastanna https:‚Ä¶",
2017-10-11 13:36:28,918108036467707904,2017-10-11 13:36:28,Eirazeta,,1,√Ñr det verkligen trygga svenskars jobb att best√§mma om BARN som flyr fr√•n krig ska f√• leva eller inte???? #L√•tdeungastanna,
2017-10-11 13:35:49,918107874680766464,2017-10-11 13:35:49,karwik02,,3,"RT @KristinaZanotti: @BriHed11 @socialdemokrat @Migrationsverk @vistarinteut Men de kan aldrig s√§ga ""Vi visste inte"". Alla har f√•tt minst e‚Ä¶",
2017-10-11 13:33:16,918107232243511297,2017-10-11 13:33:16,Hamnviken,"Kramfors, Sweden",3,"RT @KristinaZanotti: @BriHed11 @socialdemokrat @Migrationsverk @vistarinteut Men de kan aldrig s√§ga ""Vi visste inte"". Alla har f√•tt minst e‚Ä¶",
2017-10-11 13:03:33,918099755615576064,2017-10-11 13:03:33,IngridEckerman,"Stockholm, Sweden",0,Skriv personliga brev till politikerna: L√•t 18-√•ringarna stanna! https://t.co/ZREYRPtHiI  #stoppautvisningarna #l√•tdeungastanna,
2017-10-11 12:44:01,918094838184267777,2017-10-11 12:44:01,FaderSjodin,"Bor√•s, Sverige",6,RT @KinnaVSIU: @Kallifatides De chartrade planen till Kabul kommer st√• i v√•ra historie b√∂cker som svart skam fl√§ck. #l√•tdeungastanna https:‚Ä¶,
2017-10-11 12:40:57,918094065782132736,2017-10-11 12:40:57,GudrunTiberg,H√∂gsbo,31,"RT @vistarinteut: Motst√•ndet v√§xer med all r√§tt! https://t.co/qCZsAl31UW

#amnestinu #l√•tdeungastanna",
2017-10-11 12:38:38,918093484875309061,2017-10-11 12:38:38,GudrunTiberg,H√∂gsbo,22,RT @vistarinteut: Tack R√∂da Korset! #l√•tdeungastanna #amnestinu https://t.co/UlLals6lQ2,
2017-10-11 12:35:04,918092584358162432,2017-10-11 12:35:04,lisakpalm,,125,"RT @foraretaffel: Idag √§r en skammens dag. Sk√∂ra ungdomar, flera utan lokalk√§nnedom och n√§tverk utvisas till ett otroligt farligt land. #l√•‚Ä¶",
2017-10-11 12:34:31,918092447963602944,2017-10-11 12:34:31,KristinaZanotti,,28,RT @AsaLindhagen: Det √§r vansinne att vi s√§nder unga in i d√∂den. Stoppa utvisningarna till Afghanistan! #l√•tdeungastanna #vist√•rinteut http‚Ä¶,
2017-10-11 12:34:18,918092392649117697,2017-10-11 12:34:18,GudrunTiberg,H√∂gsbo,125,"RT @foraretaffel: Idag √§r en skammens dag. Sk√∂ra ungdomar, flera utan lokalk√§nnedom och n√§tverk utvisas till ett otroligt farligt land. #l√•‚Ä¶",
2017-10-11 12:27:45,918090743520137216,2017-10-11 12:27:45,GudrunTiberg,H√∂gsbo,1,RT @jaim_gom: Inhuman politik som avhumaniserar de som m√•ste skyddas! #l√•tdeungastanna https://t.co/4JgMX73Rcc,
2017-10-11 12:27:31,918090685382873088,2017-10-11 12:27:31,BriHed11,√Öre kommun,4,RT @Hamnviken: Upph√∂r med detta vansinne med omedelbar verkan. #l√•tdeungastanna och anv√§nd mina skattepengar till n√•t vettigare. https://t.‚Ä¶,
2017-10-11 12:26:12,918090355530256384,2017-10-11 12:26:12,KristinaZanotti,,6,RT @KinnaVSIU: @Kallifatides De chartrade planen till Kabul kommer st√• i v√•ra historie b√∂cker som svart skam fl√§ck. #l√•tdeungastanna https:‚Ä¶,
2017-10-11 12:24:46,918089992060235778,2017-10-11 12:24:46,KristinaZanotti,,3,"@BriHed11 @socialdemokrat @Migrationsverk @vistarinteut Men de kan aldrig s√§ga ""Vi visste inte"". Alla har f√•tt mins‚Ä¶ https://t.co/HADkJXaKIQ",918008280412192768
2017-10-11 12:18:24,918088392709234688,2017-10-11 12:18:24,KristinaZanotti,,3,RT @TangoThea1: @goteborgsfria Gr√§sligt!#l√•tdeungastanna,
2017-10-11 12:18:05,918088312996458497,2017-10-11 12:18:05,KristinaZanotti,,4,RT @Hamnviken: Upph√∂r med detta vansinne med omedelbar verkan. #l√•tdeungastanna och anv√§nd mina skattepengar till n√•t vettigare. https://t.‚Ä¶,
2017-10-11 12:17:49,918088244696317953,2017-10-11 12:17:49,KristinaZanotti,,3,@MadeleineMaddis @Ygeman @Ygeman att ta emot √§r inte lika med att ta hand om. Det √§r vad Sverige ska g√∂ra nu inte deportera.#l√•tdeungastanna,918046189316124672
2017-10-11 12:16:12,918087837278404614,2017-10-11 12:16:12,KristinaZanotti,,4,"RT @MadeleineMaddis: @Ygeman vi kan ta hand om de vi har, sv√•rare √§r det inte Du √§r en skam f√∂r Sverige #l√•tdeungastanna #vist√•rinteut http‚Ä¶",
2017-10-11 12:15:09,918087573746089990,2017-10-11 12:15:09,KristinaZanotti,,8,RT @Hamnviken: #l√•tdeungastanna och anv√§nd mina skattepengar till n√•t vettigt och l√•t polisen jaga brottslingar ist√§llet https://t.co/a6jGI‚Ä¶,
2017-10-11 12:00:18,918083837732716544,2017-10-11 12:00:18,Arianaesfandiar,,9,RT @KristinaZanotti: @fragariasatsala @johanssonmorgan @Stefan_Lofven @SwedishPM @annieloof Pinsamt f√∂r Sverige att bli tillr√§ttavisade av‚Ä¶,
2017-10-11 11:58:23,918083354704138242,2017-10-11 11:58:23,Arianaesfandiar,,19,RT @MRuneson: Vi har ingen polisbrist i Sverige. Jag vet var de √§r. De utvisar barn till krig. #l√•tdeungastanna  @socialdemokrat @milj√∂part‚Ä¶,
2017-10-11 11:54:35,918082399837282305,2017-10-11 11:54:35,Arianaesfandiar,,16,RT @KristinaEriks10: N√§r signalpolitik √§r viktigare √§n m√§nniskoliv. #l√•tdeungastanna https://t.co/hoQlK6Gku2,
2017-10-11 11:33:32,918077101147869186,2017-10-11 11:33:32,martinkattten,Sverige,23,"RT @nabizadehse: Sitt strejken forts√§tter, vi ger inte upp ‚úä stoppa utvisningarna till Afghanistan #svpol #ungisverige #l√•tdeungastanna #EU‚Ä¶",
2017-10-11 11:24:17,918074774651326464,2017-10-11 11:24:17,martinkattten,Sverige,31,"RT @vistarinteut: Motst√•ndet v√§xer med all r√§tt! https://t.co/qCZsAl31UW

#amnestinu #l√•tdeungastanna",
2017-10-11 11:13:56,918072166268264448,2017-10-11 11:13:56,Hamnviken,"Kramfors, Sweden",4,Upph√∂r med detta vansinne med omedelbar verkan. #l√•tdeungastanna och anv√§nd mina skattepengar till n√•t vettigare. https://t.co/Qz4lkfyDdU,
2017-10-11 11:00:17,918068733062590466,2017-10-11 11:00:17,AxelNyden,"Tibro, Sweden",6,RT @KinnaVSIU: @Kallifatides De chartrade planen till Kabul kommer st√• i v√•ra historie b√∂cker som svart skam fl√§ck. #l√•tdeungastanna https:‚Ä¶,
2017-10-11 10:53:38,918067060248403968,2017-10-11 10:53:38,Muksunen,,12,"RT @LisenVogt: Splittra familjer, skicka unga till Afghanistan. Helt ov√§rdigt @socialdemokrat G√∂r om g√∂r r√§tt #l√•tdeungastanna https://t.co‚Ä¶",
2017-10-11 10:48:02,918065650446331904,2017-10-11 10:48:02,EllieBru1,,8,RT @Hamnviken: #l√•tdeungastanna och anv√§nd mina skattepengar till n√•t vettigt och l√•t polisen jaga brottslingar ist√§llet https://t.co/a6jGI‚Ä¶,
2017-10-11 10:43:02,918064392830423040,2017-10-11 10:43:02,Buccatcia,V√§rmland,5,"RT @HStrander: Det √§r en skammens, o sorgens dag i v√•rt land d√• 12 ton√•ringar ska deporteras till Afghanistan.
#l√•tdeungastanna üçÅüçÇ
https://‚Ä¶",
2017-10-11 10:41:21,918063969880944640,2017-10-11 10:41:21,karwik02,,11,RT @KristinaZanotti: @vistarinteut Att detta kan h√§nda i Sverige. N√§r man tror botten √§r n√•dd s√•......#l√•tdeungastanna,
2017-10-11 10:38:04,918063143309467650,2017-10-11 10:38:04,EllieBru1,,31,"RT @vistarinteut: Motst√•ndet v√§xer med all r√§tt! https://t.co/qCZsAl31UW

#amnestinu #l√•tdeungastanna",
2017-10-11 10:19:15,918058406522642433,2017-10-11 10:19:15,Tina_Molndal,"Gothenburg, Sweden",8,RT @Hamnviken: #l√•tdeungastanna och anv√§nd mina skattepengar till n√•t vettigt och l√•t polisen jaga brottslingar ist√§llet https://t.co/a6jGI‚Ä¶,
2017-10-11 10:09:27,918055940674420736,2017-10-11 10:09:27,emmahammenstig,,0,@socialdemokrat @heleneHK Toppen! D√• har vi r√•d att bli solidariska mot v√•ra medm√§nniskor och inte g√∂ra skillnad p√•‚Ä¶ https://t.co/5lw3XDprb5,918041532124581888
2017-10-11 10:05:48,918055020066635776,2017-10-11 10:05:48,elfvabjer,"Elfvabjer, Komstad, G√§rsn√§s",125,"RT @foraretaffel: Idag √§r en skammens dag. Sk√∂ra ungdomar, flera utan lokalk√§nnedom och n√§tverk utvisas till ett otroligt farligt land. #l√•‚Ä¶",
2017-10-11 09:49:46,918050985351794688,2017-10-11 09:49:46,Hamnviken,"Kramfors, Sweden",8,#l√•tdeungastanna och anv√§nd mina skattepengar till n√•t vettigt och l√•t polisen jaga brottslingar ist√§llet https://t.co/a6jGIleyY5,
2017-10-11 09:31:20,918046346271129600,2017-10-11 09:31:20,MadeleineMaddis,,6,RT @KinnaVSIU: @Kallifatides De chartrade planen till Kabul kommer st√• i v√•ra historie b√∂cker som svart skam fl√§ck. #l√•tdeungastanna https:‚Ä¶,
2017-10-11 09:30:42,918046189316124672,2017-10-11 09:30:42,MadeleineMaddis,,4,"@Ygeman vi kan ta hand om de vi har, sv√•rare √§r det inte Du √§r en skam f√∂r Sverige #l√•tdeungastanna #vist√•rinteut https://t.co/p9oOA9oJph",
2017-10-11 09:25:24,918044853669416960,2017-10-11 09:25:24,palmqvist_benny,"G√∂teborg, Sverige",4,"RT @mseid: Baltutl√§mningen 1945, Afghanutvisningarna 2017. Samma vansinne, samma sm√§rta, samma skam. #amnestinu #UngiSverige #laatdeungasta‚Ä¶",
2017-10-11 09:21:45,918043935972446208,2017-10-11 09:21:45,EnStina,,11,RT @LinneaBruno: Mycket bra üëè #l√•tdeungastanna https://t.co/YaeN5OiqQ5,
2017-10-11 09:17:43,918042922167296000,2017-10-11 09:17:43,EliAhl,Stockholm,1,"RT @nellie_lenting: P√• bes√∂k i f√∂rvaret i Flen igen idag. Fredag ska han flytta, vart vet vi inte √§n üò∞ #l√•tdeungastanna  #amnestinu https:/‚Ä¶",
2017-10-11 09:03:15,918039280295038976,2017-10-11 09:03:15,Tina_Molndal,"Gothenburg, Sweden",6,RT @KinnaVSIU: @Kallifatides De chartrade planen till Kabul kommer st√• i v√•ra historie b√∂cker som svart skam fl√§ck. #l√•tdeungastanna https:‚Ä¶,
2017-10-11 08:56:47,918037655149072384,2017-10-11 08:56:47,MatildaRyden3,,18,RT @fiafredrika: 1994 ber regeringen om urs√§kt f√∂r Baltutl√§mningen. Idag utvisas afghaner till krig. N√§r kommer Sverige be om urs√§kt f√∂r de‚Ä¶,
2017-10-11 08:56:14,918037514040037377,2017-10-11 08:56:14,MatildaRyden3,,5,"RT @LenaBolander: @RodaKorset Tack R√∂da korset !  Regeringen har tyv√§rr  tappat f√∂rst√•ndet. Of√∂rl√•tligt mot de ensamkommande.
#l√•tdeungasta‚Ä¶",
2017-10-11 08:52:08,918036481771483136,2017-10-11 08:52:08,JohanssoBritt,,22,"RT @KristinaEriks10: Unga som vr√•lar ut sin √•ngest: Migration, migration - stop deportation. #l√•tdeungastanna https://t.co/0efOV5LRkX",
2017-10-11 08:49:15,918035758744784897,2017-10-11 08:49:15,MadeleineMaddis,,6,RT @karwik02: @RodaKorset Tack @RodaKorset! Du har blod p√• dina h√§nder @SwedishPM avg√•! #l√•tdeungastanna @vistarinteut,
2017-10-11 08:49:07,918035725676924928,2017-10-11 08:49:07,MadeleineMaddis,,5,RT @BriHed11: Lyssnat p√• @SwedishPM i partiledardebatten. Jag ryser. Skr√§mselpolitik! Pekpinnar!Tappar ALLT f√∂rtroende @socialdemokrat #l√•t‚Ä¶,
2017-10-11 08:48:29,918035566398189569,2017-10-11 08:48:29,MadeleineMaddis,,5,"RT @LenaBolander: @RodaKorset Tack R√∂da korset !  Regeringen har tyv√§rr  tappat f√∂rst√•ndet. Of√∂rl√•tligt mot de ensamkommande.
#l√•tdeungasta‚Ä¶",
2017-10-11 08:48:19,918035524182519808,2017-10-11 08:48:19,MadeleineMaddis,,9,RT @KristinaZanotti: @fragariasatsala @johanssonmorgan @Stefan_Lofven @SwedishPM @annieloof Pinsamt f√∂r Sverige att bli tillr√§ttavisade av‚Ä¶,
2017-10-11 08:45:30,918034812027498496,2017-10-11 08:45:30,johansnowberg,Swe ,4,"RT @mseid: Baltutl√§mningen 1945, Afghanutvisningarna 2017. Samma vansinne, samma sm√§rta, samma skam. #amnestinu #UngiSverige #laatdeungasta‚Ä¶",
2017-10-11 08:43:40,918034352168210432,2017-10-11 08:43:40,MillaRydstrand,,10,"RT @fiafredrika: Det finns ansvariga f√∂r detta r√§ttsliga haveri ‚Äì men det √§r inte de ensamkommande #l√•tdeungastanna
https://t.co/wprC8L0VpW‚Ä¶",
2017-10-11 08:42:01,918033937649115136,2017-10-11 08:42:01,KristinaZanotti,,2,RT @MadeleineMaddis: Det √§r en minister @FritzonHelene som √§r en nickedocka till @SwedishPM och @johanssonmorgan som driver inhuman asylpol‚Ä¶,
2017-10-11 08:41:20,918033764743352321,2017-10-11 08:41:20,KristinaZanotti,,3,RT @Hamnviken: @BriHed11 @JohanssoBritt @KristinaEriks10 @Ygeman ..och vad kommer det att kosta? #l√•tdeungastanna och anv√§nd mina skattepen‚Ä¶,
2017-10-11 08:38:15,918032990504128518,2017-10-11 08:38:15,Hamnviken,"Kramfors, Sweden",5,"RT @LenaBolander: @RodaKorset Tack R√∂da korset !  Regeringen har tyv√§rr  tappat f√∂rst√•ndet. Of√∂rl√•tligt mot de ensamkommande.
#l√•tdeungasta‚Ä¶",
2017-10-11 08:37:01,918032680008200192,2017-10-11 08:37:01,KristinaZanotti,,5,"RT @LenaBolander: @RodaKorset Tack R√∂da korset !  Regeringen har tyv√§rr  tappat f√∂rst√•ndet. Of√∂rl√•tligt mot de ensamkommande.
#l√•tdeungasta‚Ä¶",
2017-10-11 08:36:50,918032633526935552,2017-10-11 08:36:50,KristinaZanotti,,3,RT @ChristinaHgber3: @RodaKorset Tack r√∂da korset #l√•tdeungastanna,
2017-10-11 08:36:46,918032616011567105,2017-10-11 08:36:46,KristinaZanotti,,6,RT @karwik02: @RodaKorset Tack @RodaKorset! Du har blod p√• dina h√§nder @SwedishPM avg√•! #l√•tdeungastanna @vistarinteut,
2017-10-11 08:31:20,918031248072806400,2017-10-11 08:31:20,LenaSvensson2,Sk√•ne,28,RT @AsaLindhagen: Det √§r vansinne att vi s√§nder unga in i d√∂den. Stoppa utvisningarna till Afghanistan! #l√•tdeungastanna #vist√•rinteut http‚Ä¶,
2017-10-11 08:30:57,918031153411522560,2017-10-11 08:30:57,LenaSvensson2,Sk√•ne,19,RT @MRuneson: Vi har ingen polisbrist i Sverige. Jag vet var de √§r. De utvisar barn till krig. #l√•tdeungastanna  @socialdemokrat @milj√∂part‚Ä¶,
2017-10-11 08:25:43,918029833464139776,2017-10-11 08:25:43,MatildaRyden3,,9,RT @KristinaZanotti: @fragariasatsala @johanssonmorgan @Stefan_Lofven @SwedishPM @annieloof Pinsamt f√∂r Sverige att bli tillr√§ttavisade av‚Ä¶,
2017-10-11 08:24:57,918029640035459072,2017-10-11 08:24:57,frekadan,"Link√∂ping, Sverige",10,"RT @fiafredrika: Det finns ansvariga f√∂r detta r√§ttsliga haveri ‚Äì men det √§r inte de ensamkommande #l√•tdeungastanna
https://t.co/wprC8L0VpW‚Ä¶",
2017-10-11 08:17:00,918027642003247104,2017-10-11 08:17:00,Hamnviken,"Kramfors, Sweden",4,"RT @berge_stina: @TuulaDibba @Hamnviken @vistarinteut @StellanWelin Gomorron Sverige.Cesium i grisar,stormrester, Nobelpris kl 13 och 5 dag‚Ä¶",
2017-10-11 08:16:42,918027567067746304,2017-10-11 08:16:42,fragariasatsala,"Sala, Sverige",9,RT @KristinaZanotti: @fragariasatsala @johanssonmorgan @Stefan_Lofven @SwedishPM @annieloof Pinsamt f√∂r Sverige att bli tillr√§ttavisade av‚Ä¶,
2017-10-11 08:16:31,918027520708104192,2017-10-11 08:16:31,KristinaZanotti,,4,"RT @berge_stina: @TuulaDibba @Hamnviken @vistarinteut @StellanWelin Gomorron Sverige.Cesium i grisar,stormrester, Nobelpris kl 13 och 5 dag‚Ä¶",
2017-10-11 08:15:54,918027362595495936,2017-10-11 08:15:54,EnStina,,3,RT @Hamnviken: @BriHed11 @JohanssoBritt @KristinaEriks10 @Ygeman ..och vad kommer det att kosta? #l√•tdeungastanna och anv√§nd mina skattepen‚Ä¶,
2017-10-11 08:15:37,918027292496056320,2017-10-11 08:15:37,pratmakare,,16,RT @KristinaEriks10: N√§r signalpolitik √§r viktigare √§n m√§nniskoliv. #l√•tdeungastanna https://t.co/hoQlK6Gku2,
2017-10-11 08:14:04,918026902383800320,2017-10-11 08:14:04,pratmakare,,21,"RT @BriHed11: UD, Amnesty, EUkommisionen, R√∂da korset.... alla ropar nu h√∂gt: AFGHANISTAN √§r F√ñR FARLIGT!!! Men @Migrationsverk vet b√§st! #‚Ä¶",
2017-10-11 08:12:19,918026462825009152,2017-10-11 08:12:19,LakshmiLotus,Sweden ,0,De chartrade planen till Afganistan en svart skamfl√§ck Vad h√§nde med solidariteten &amp; #HumanRights @SwedishPM‚Ä¶ https://t.co/ALpijq8ua1,
2017-10-11 08:11:59,918026378443882496,2017-10-11 08:11:59,KristinaZanotti,,15,RT @EllieBru1: @vistarinteut Bra Wanja Lundby-Wedin och Thomas Hammarberg! #l√•tdeungastanna och beh√•ll solidariska S-v√§ljare och hitta nya‚Ä¶,
2017-10-11 08:11:55,918026363298295808,2017-10-11 08:11:55,KristinaZanotti,,3,RT @MarieRosn1: @vistarinteut Fler och fler f√∂rst√•r. #l√•tdeungastanna,
2017-10-11 08:10:55,918026112034332672,2017-10-11 08:10:55,KristinaZanotti,,3,RT @MadeleineMaddis: Hej @MRibbenvik det √§r jag igen. Vad tycker du om att samma personer blir fler o fler #l√•tdeungastanna #vist√•rinteut h‚Ä¶,
2017-10-11 08:10:42,918026057038614529,2017-10-11 08:10:42,KristinaZanotti,,5,RT @BriHed11: Lyssnat p√• @SwedishPM i partiledardebatten. Jag ryser. Skr√§mselpolitik! Pekpinnar!Tappar ALLT f√∂rtroende @socialdemokrat #l√•t‚Ä¶,
2017-10-11 08:10:22,918025972431155200,2017-10-11 08:10:22,KristinaZanotti,,7,"RT @lensah57: https://t.co/6RSwA8xUcK
Lyssna p√• @bjornmellquist i Karlavagnen!!! F√∂rsta avsnittet - direkt efter introt. 
#l√•tdeungastanna",
2017-10-11 08:10:16,918025945226858496,2017-10-11 08:10:16,KristinaZanotti,,3,"RT @MadeleineMaddis: Fruktansv√§rt att @Migrationsverk och @SwedishPM l√•ter detta ske
#l√•tdeungastanna #vist√•rinteut https://t.co/bbHVRhMXWn",
2017-10-11 08:10:00,918025879497920513,2017-10-11 08:10:00,KristinaZanotti,,13,RT @KristinaEriks10: Precis mina tankar efter fem timmar utanf√∂r f√∂rvaret i K√•llered. L√§s hela ranten. @socialdemokrat #l√•tdeungastanna htt‚Ä¶,
2017-10-11 08:05:20,918024706682433536,2017-10-11 08:05:20,MadeleineMaddis,,0,T√§nk att moderata partiledare √§r s√• obildade att de inte vet vem som stiftar lagar. R√∂stfiske hos SD! #l√•tdeungastanna #vist√•rinteut,
2017-10-11 08:01:59,918023860326424576,2017-10-11 08:01:59,MadeleineMaddis,,0,Just nu st√•r en brun moderat och ljuger om v√•r asyllagstiftning. Usch! #l√•tdeungastanna #vist√•rinteut,
2017-10-11 07:57:30,918022733543419904,2017-10-11 07:57:30,MrFoghagen,"√Ölem,Kalmar,Sweden",0,Glad dock att se att n√•gra framsteg tas. #L√•tdeungastanna #vist√•rinteut #SvPol,
2017-10-11 07:57:14,918022668015882240,2017-10-11 07:57:14,MatildaRyden3,,13,RT @KristinaEriks10: Precis mina tankar efter fem timmar utanf√∂r f√∂rvaret i K√•llered. L√§s hela ranten. @socialdemokrat #l√•tdeungastanna htt‚Ä¶,
2017-10-11 07:55:48,918022307460911104,2017-10-11 07:55:48,MrFoghagen,"√Ölem,Kalmar,Sweden",0,Vi r m√•nga nu som kr√§ver 1 f√∂r√§ndring! Ingen ska beh√∂va leva i denna ovisshet! #L√•tdeungastanna #vist√•rinteut #SvPol https://t.co/upNvkIahb5,
2017-10-11 07:51:36,918021247732207616,2017-10-11 07:51:36,KristinaEriks10,,19,RT @MRuneson: Vi har ingen polisbrist i Sverige. Jag vet var de √§r. De utvisar barn till krig. #l√•tdeungastanna  @socialdemokrat @milj√∂part‚Ä¶,
2017-10-11 07:47:01,918020096399994880,2017-10-11 07:47:01,JohanssoBritt,,11,RT @LinneaBruno: Mycket bra üëè #l√•tdeungastanna https://t.co/YaeN5OiqQ5,
2017-10-11 07:46:01,918019843307208704,2017-10-11 07:46:01,JohanssoBritt,,5,RT @vistarinteut: @SwedishPM @johanssonmorgan @helene_fritzon Ni kan g√∂ra skillnad! @amnesty √§r emot deportationerna. #amnestinu #l√•tdeunga‚Ä¶,
2017-10-11 07:42:55,918019062273335296,2017-10-11 07:42:55,Hamnviken,"Kramfors, Sweden",19,RT @MRuneson: Vi har ingen polisbrist i Sverige. Jag vet var de √§r. De utvisar barn till krig. #l√•tdeungastanna  @socialdemokrat @milj√∂part‚Ä¶,
2017-10-11 07:35:30,918017197901012992,2017-10-11 07:35:30,KabbeLeif,,12,RT @KinnaVSIU: Dubbelmoral p√• h√∂g niv√• #l√•tdeungastanna https://t.co/uTOEDhTcys,
