id_str,from_user,text,created_at,time,geo_coordinates,user_lang,in_reply_to_user_id_str,in_reply_to_screen_name,from_user_id_str,in_reply_to_status_id_str,source,profile_image_url,user_followers_count,user_friends_count,user_location,status_url,entities_str
922571218389225477,jansylvan,RT @Per_K: L√§sv√§rd artikel om Sveriges Radios f√∂rminskande av faktabaserat milj√∂engagemang. #v√§stl√§nken  https://t.co/MZXEevzoK4,Mon Oct 23 21:11:33 +0000 2017,23/10/2017 22:11:33,,sv,,,80324652,,"<a href=""http://twitter.com/download/android"" rel=""nofollow"">Twitter for Android</a>",http://pbs.twimg.com/profile_images/845026270/n1149942400_30089178_2926_normal.jpg,236,518,"G√∂teborg, Sweden",http://twitter.com/jansylvan/statuses/922571218389225477,"{""hashtags"":[{""text"":""v√§stl√§nken"",""indices"":[92,103]}],""symbols"":[],""user_mentions"":[{""screen_name"":""Per_K"",""name"":""Per Karlsson"",""id"":21607299,""id_str"":""21607299"",""indices"":[3,9]}],""urls"":[{""url"":""https://t.co/MZXEevzoK4"",""expanded_url"":""http://www.gp.se/nyheter/debatt/sveriges-radio-f%C3%B6rminskar-milj%C3%B6engagemanget-1.4759434"",""display_url"":""gp.se/nyheter/debatt‚Ä¶"",""indices"":[105,128]}]}"
922560251211083776,CassegrainSwede,RT @Per_K: L√§sv√§rd artikel om Sveriges Radios f√∂rminskande av faktabaserat milj√∂engagemang. #v√§stl√§nken  https://t.co/MZXEevzoK4,Mon Oct 23 20:27:58 +0000 2017,23/10/2017 21:27:58,,en,,,246992562,,"<a href=""http://twitter.com"" rel=""nofollow"">Twitter Web Client</a>",http://pbs.twimg.com/profile_images/599002733060952065/pOKiBcUT_normal.jpg,108,509,Sweden,http://twitter.com/CassegrainSwede/statuses/922560251211083776,"{""hashtags"":[{""text"":""v√§stl√§nken"",""indices"":[92,103]}],""symbols"":[],""user_mentions"":[{""screen_name"":""Per_K"",""name"":""Per Karlsson"",""id"":21607299,""id_str"":""21607299"",""indices"":[3,9]}],""urls"":[{""url"":""https://t.co/MZXEevzoK4"",""expanded_url"":""http://www.gp.se/nyheter/debatt/sveriges-radio-f%C3%B6rminskar-milj%C3%B6engagemanget-1.4759434"",""display_url"":""gp.se/nyheter/debatt‚Ä¶"",""indices"":[105,128]}]}"
922558517264994307,mekwestlund,"@GPDebatt @sverigesradio De √§r allts√• sura √∂ver att inte blivit framst√§llda som de rationella, p√•l√§sta och balanserade m√§nniskor de inte √§r? #v√§stl√§nken",Mon Oct 23 20:21:05 +0000 2017,23/10/2017 21:21:05,,sv,1675736641,GPDebatt,1444564976,922454636543520773,"<a href=""http://twitter.com/download/iphone"" rel=""nofollow"">Twitter for iPhone</a>",http://pbs.twimg.com/profile_images/3704624413/3e28c5122b73cc558965c8bc507de0a1_normal.jpeg,128,306,,http://twitter.com/mekwestlund/statuses/922558517264994307,"{""hashtags"":[{""text"":""v√§stl√§nken"",""indices"":[141,152]}],""symbols"":[],""user_mentions"":[{""screen_name"":""GPDebatt"",""name"":""GP Debatt"",""id"":1675736641,""id_str"":""1675736641"",""indices"":[0,9]},{""screen_name"":""sverigesradio"",""name"":""Sveriges Radio"",""id"":18759580,""id_str"":""18759580"",""indices"":[10,24]}],""urls"":[]}"
922550322970726401,ChristerSchale,RT @Per_K: L√§sv√§rd artikel om Sveriges Radios f√∂rminskande av faktabaserat milj√∂engagemang. #v√§stl√§nken  https://t.co/MZXEevzoK4,Mon Oct 23 19:48:31 +0000 2017,23/10/2017 20:48:31,,sv,,,1953673122,,"<a href=""http://twitter.com"" rel=""nofollow"">Twitter Web Client</a>",http://pbs.twimg.com/profile_images/378800000579545511/748e6bc3dc3cc5729704cd6a9ec66cde_normal.jpeg,399,886,M√∂lndal,http://twitter.com/ChristerSchale/statuses/922550322970726401,"{""hashtags"":[{""text"":""v√§stl√§nken"",""indices"":[92,103]}],""symbols"":[],""user_mentions"":[{""screen_name"":""Per_K"",""name"":""Per Karlsson"",""id"":21607299,""id_str"":""21607299"",""indices"":[3,9]}],""urls"":[{""url"":""https://t.co/MZXEevzoK4"",""expanded_url"":""http://www.gp.se/nyheter/debatt/sveriges-radio-f%C3%B6rminskar-milj%C3%B6engagemanget-1.4759434"",""display_url"":""gp.se/nyheter/debatt‚Ä¶"",""indices"":[105,128]}]}"
922549770723495937,Per_K,L√§sv√§rd artikel om Sveriges Radios f√∂rminskande av faktabaserat milj√∂engagemang. #v√§stl√§nken  https://t.co/MZXEevzoK4,Mon Oct 23 19:46:20 +0000 2017,23/10/2017 20:46:20,,sv,,,21607299,,"<a href=""http://twitter.com/#!/download/ipad"" rel=""nofollow"">Twitter for iPad</a>",http://pbs.twimg.com/profile_images/779996268932296704/-SOshFO3_normal.jpg,1381,3389,"M√∂lndal, Sweden",http://twitter.com/Per_K/statuses/922549770723495937,"{""hashtags"":[{""text"":""v√§stl√§nken"",""indices"":[81,92]}],""symbols"":[],""user_mentions"":[],""urls"":[{""url"":""https://t.co/MZXEevzoK4"",""expanded_url"":""http://www.gp.se/nyheter/debatt/sveriges-radio-f%C3%B6rminskar-milj%C3%B6engagemanget-1.4759434"",""display_url"":""gp.se/nyheter/debatt‚Ä¶"",""indices"":[94,117]}]}"
922429981128581120,TheoPapa1975,7 √•r har politiken haft p√• sig att komma med alt.Desperat art. fr√•n ledande p√• @vasttrafik #tr√§ngselskatt #v√§stl√§nken #gbgpol #gbgftw #kfgbg https://t.co/rja7tRecgS,Mon Oct 23 11:50:20 +0000 2017,23/10/2017 12:50:20,,sv,,,217790919,,"<a href=""http://twitter.com/download/iphone"" rel=""nofollow"">Twitter for iPhone</a>",http://pbs.twimg.com/profile_images/642327709591412736/2LSL5r6D_normal.jpg,1489,1677,G√∂teborg,http://twitter.com/TheoPapa1975/statuses/922429981128581120,"{""hashtags"":[{""text"":""tr√§ngselskatt"",""indices"":[91,105]},{""text"":""v√§stl√§nken"",""indices"":[106,117]},{""text"":""gbgpol"",""indices"":[118,125]},{""text"":""gbgftw"",""indices"":[126,133]},{""text"":""kfgbg"",""indices"":[134,140]}],""symbols"":[],""user_mentions"":[{""screen_name"":""vasttrafik"",""name"":""V√§sttrafik"",""id"":28681627,""id_str"":""28681627"",""indices"":[79,90]}],""urls"":[{""url"":""https://t.co/rja7tRecgS"",""expanded_url"":""https://twitter.com/gpdebatt/status/922426095068176386"",""display_url"":""twitter.com/gpdebatt/statu‚Ä¶"",""indices"":[141,164]}]}"
922374536720510976,UlfJagler,RT @Per_K: St√∂rre delen av j√§rnv√§gsinvesteringarna g√•r till stora projekt som inte h√∂jer j√§rnv√§gens kapacitet s√•som #V√§stl√§nken https://t.co/6U7nxtrCiU,Mon Oct 23 08:10:01 +0000 2017,23/10/2017 09:10:01,,en,,,415043493,,"<a href=""http://twitter.com/download/iphone"" rel=""nofollow"">Twitter for iPhone</a>",http://pbs.twimg.com/profile_images/575317862039969792/i55kOGOM_normal.jpeg,91,148,"Bj√∂rlanda, Absurdistan",http://twitter.com/UlfJagler/statuses/922374536720510976,"{""hashtags"":[{""text"":""V√§stl√§nken"",""indices"":[116,127]}],""symbols"":[],""user_mentions"":[{""screen_name"":""Per_K"",""name"":""Per Karlsson"",""id"":21607299,""id_str"":""21607299"",""indices"":[3,9]}],""urls"":[]}"
922336274643587073,Per_K,St√∂rre delen av j√§rnv√§gsinvesteringarna g√•r till stora projekt som inte h√∂jer j√§rnv√§gens kapacitet s√•som #V√§stl√§nken https://t.co/6U7nxtrCiU,Mon Oct 23 05:37:58 +0000 2017,23/10/2017 06:37:58,,sv,,,21607299,,"<a href=""http://twitter.com/#!/download/ipad"" rel=""nofollow"">Twitter for iPad</a>",http://pbs.twimg.com/profile_images/779996268932296704/-SOshFO3_normal.jpg,1381,3389,"M√∂lndal, Sweden",http://twitter.com/Per_K/statuses/922336274643587073,"{""hashtags"":[{""text"":""V√§stl√§nken"",""indices"":[105,116]}],""symbols"":[],""user_mentions"":[],""urls"":[{""url"":""https://t.co/6U7nxtrCiU"",""expanded_url"":""http://www.mynewsdesk.com/se/pressreleases/hoeghastighetstaag-och-regionbanor-faar-inget-2225866"",""display_url"":""mynewsdesk.com/se/pressreleas‚Ä¶"",""indices"":[117,140]}]}"
922334989320146945,Per_K,"Fler bost√§der i centrum och b√§ttre kollektivtrafik skulle minska behovet av biltrafik, i motsats till #v√§stl√§nken https://t.co/pyjXQ5yM9n",Mon Oct 23 05:32:52 +0000 2017,23/10/2017 06:32:52,,sv,,,21607299,,"<a href=""http://twitter.com/#!/download/ipad"" rel=""nofollow"">Twitter for iPad</a>",http://pbs.twimg.com/profile_images/779996268932296704/-SOshFO3_normal.jpg,1381,3389,"M√∂lndal, Sweden",http://twitter.com/Per_K/statuses/922334989320146945,"{""hashtags"":[{""text"":""v√§stl√§nken"",""indices"":[102,113]}],""symbols"":[],""user_mentions"":[],""urls"":[{""url"":""https://t.co/pyjXQ5yM9n"",""expanded_url"":""http://www.gp.se/nyheter/debatt"",""display_url"":""gp.se/nyheter/debatt"",""indices"":[114,137]}]}"
922151856348024832,jansylvan,@SolviBlondal @metteramquist D√• b√∂rjar vi med att skrota milj√∂katastrofen #v√§stl√§nken och bygger modern och flexibel kollektivtrafik!,Sun Oct 22 17:25:09 +0000 2017,22/10/2017 18:25:09,,sv,793977919,SolviBlondal,80324652,921353387232366592,"<a href=""http://twitter.com/download/android"" rel=""nofollow"">Twitter for Android</a>",http://pbs.twimg.com/profile_images/845026270/n1149942400_30089178_2926_normal.jpg,236,518,"G√∂teborg, Sweden",http://twitter.com/jansylvan/statuses/922151856348024832,"{""hashtags"":[{""text"":""v√§stl√§nken"",""indices"":[74,85]}],""symbols"":[],""user_mentions"":[{""screen_name"":""SolviBlondal"",""name"":""S√∂lvi Bl√∂ndal"",""id"":793977919,""id_str"":""793977919"",""indices"":[0,13]},{""screen_name"":""metteramquist"",""name"":""Mette Ramquist"",""id"":2876283999,""id_str"":""2876283999"",""indices"":[14,28]}],""urls"":[]}"
922108240711872513,HasseJonsson1,RT @stoppa_VL: Myten om framtida utbyggnader och duosp√•rvagnar i #V√§stl√§nken #gbgpol https://t.co/PwXR3iwjio https://t.co/XGGjv25mbh,Sun Oct 22 14:31:51 +0000 2017,22/10/2017 15:31:51,,sv,,,856148774,,"<a href=""http://twitter.com/#!/download/ipad"" rel=""nofollow"">Twitter for iPad</a>",http://pbs.twimg.com/profile_images/2995134821/65636959603af8efc410bc3a85a58a96_normal.jpeg,212,312,G√∂teborg,http://twitter.com/HasseJonsson1/statuses/922108240711872513,"{""hashtags"":[{""text"":""V√§stl√§nken"",""indices"":[65,76]},{""text"":""gbgpol"",""indices"":[77,84]}],""symbols"":[],""user_mentions"":[{""screen_name"":""stoppa_VL"",""name"":""Stoppa V√§stl√§nken Nu"",""id"":3021205186,""id_str"":""3021205186"",""indices"":[3,13]}],""urls"":[{""url"":""https://t.co/PwXR3iwjio"",""expanded_url"":""http://stoppavastlanken.nu/myten-om-utbyggnader-vastlanken/"",""display_url"":""stoppavastlanken.nu/myten-om-utbyg‚Ä¶"",""indices"":[85,108]}],""media"":[{""id"":921956727683145700,""id_str"":""921956727683145729"",""indices"":[109,132],""media_url"":""http://pbs.twimg.com/media/DMtywlPV4AE-v0a.jpg"",""media_url_https"":""https://pbs.twimg.com/media/DMtywlPV4AE-v0a.jpg"",""url"":""https://t.co/XGGjv25mbh"",""display_url"":""pic.twitter.com/XGGjv25mbh"",""expanded_url"":""https://twitter.com/stoppa_VL/status/921956730271076353/photo/1"",""type"":""photo"",""sizes"":{""medium"":{""w"":831,""h"":752,""resize"":""fit""},""large"":{""w"":831,""h"":752,""resize"":""fit""},""thumb"":{""w"":150,""h"":150,""resize"":""crop""},""small"":{""w"":680,""h"":615,""resize"":""fit""}},""source_status_id"":921956730271076400,""source_status_id_str"":""921956730271076353"",""source_user_id"":3021205186,""source_user_id_str"":""3021205186""}]}"
922051149955559424,linvitea,RT @stoppa_VL: Myten om framtida utbyggnader och duosp√•rvagnar i #V√§stl√§nken #gbgpol https://t.co/PwXR3iwjio https://t.co/XGGjv25mbh,Sun Oct 22 10:44:59 +0000 2017,22/10/2017 11:44:59,,en,,,155199864,,"<a href=""http://twitter.com/download/iphone"" rel=""nofollow"">Twitter for iPhone</a>",http://pbs.twimg.com/profile_images/892000659309985792/uExY_13B_normal.jpg,51,432,,http://twitter.com/linvitea/statuses/922051149955559424,"{""hashtags"":[{""text"":""V√§stl√§nken"",""indices"":[65,76]},{""text"":""gbgpol"",""indices"":[77,84]}],""symbols"":[],""user_mentions"":[{""screen_name"":""stoppa_VL"",""name"":""Stoppa V√§stl√§nken Nu"",""id"":3021205186,""id_str"":""3021205186"",""indices"":[3,13]}],""urls"":[{""url"":""https://t.co/PwXR3iwjio"",""expanded_url"":""http://stoppavastlanken.nu/myten-om-utbyggnader-vastlanken/"",""display_url"":""stoppavastlanken.nu/myten-om-utbyg‚Ä¶"",""indices"":[85,108]}],""media"":[{""id"":921956727683145700,""id_str"":""921956727683145729"",""indices"":[109,132],""media_url"":""http://pbs.twimg.com/media/DMtywlPV4AE-v0a.jpg"",""media_url_https"":""https://pbs.twimg.com/media/DMtywlPV4AE-v0a.jpg"",""url"":""https://t.co/XGGjv25mbh"",""display_url"":""pic.twitter.com/XGGjv25mbh"",""expanded_url"":""https://twitter.com/stoppa_VL/status/921956730271076353/photo/1"",""type"":""photo"",""sizes"":{""medium"":{""w"":831,""h"":752,""resize"":""fit""},""large"":{""w"":831,""h"":752,""resize"":""fit""},""thumb"":{""w"":150,""h"":150,""resize"":""crop""},""small"":{""w"":680,""h"":615,""resize"":""fit""}},""source_status_id"":921956730271076400,""source_status_id_str"":""921956730271076353"",""source_user_id"":3021205186,""source_user_id_str"":""3021205186""}]}"
922035065961533440,angelaolsson1,RT @Per_K: L√§rorik l√§sning om #v√§stl√§nken https://t.co/WAloFrcuR6,Sun Oct 22 09:41:04 +0000 2017,22/10/2017 10:41:04,,sv,,,733694856128790529,,"<a href=""http://twitter.com/download/android"" rel=""nofollow"">Twitter for Android</a>",http://pbs.twimg.com/profile_images/738628009494740992/so6YHw3i_normal.jpg,403,299,"G√∂teborg, Sverige",http://twitter.com/angelaolsson1/statuses/922035065961533440,"{""hashtags"":[{""text"":""v√§stl√§nken"",""indices"":[30,41]}],""symbols"":[],""user_mentions"":[{""screen_name"":""Per_K"",""name"":""Per Karlsson"",""id"":21607299,""id_str"":""21607299"",""indices"":[3,9]}],""urls"":[{""url"":""https://t.co/WAloFrcuR6"",""expanded_url"":""http://stoppavastlanken.nu/myten-om-utbyggnader-vastlanken/"",""display_url"":""stoppavastlanken.nu/myten-om-utbyg‚Ä¶"",""indices"":[42,65]}]}"
922032283263086592,CassegrainSwede,RT @Per_K: L√§rorik l√§sning om #v√§stl√§nken https://t.co/WAloFrcuR6,Sun Oct 22 09:30:01 +0000 2017,22/10/2017 10:30:01,,en,,,246992562,,"<a href=""http://twitter.com"" rel=""nofollow"">Twitter Web Client</a>",http://pbs.twimg.com/profile_images/599002733060952065/pOKiBcUT_normal.jpg,108,509,Sweden,http://twitter.com/CassegrainSwede/statuses/922032283263086592,"{""hashtags"":[{""text"":""v√§stl√§nken"",""indices"":[30,41]}],""symbols"":[],""user_mentions"":[{""screen_name"":""Per_K"",""name"":""Per Karlsson"",""id"":21607299,""id_str"":""21607299"",""indices"":[3,9]}],""urls"":[{""url"":""https://t.co/WAloFrcuR6"",""expanded_url"":""http://stoppavastlanken.nu/myten-om-utbyggnader-vastlanken/"",""display_url"":""stoppavastlanken.nu/myten-om-utbyg‚Ä¶"",""indices"":[42,65]}]}"
922022011655938048,Per_K,L√§rorik l√§sning om #v√§stl√§nken https://t.co/WAloFrcuR6,Sun Oct 22 08:49:12 +0000 2017,22/10/2017 09:49:12,,sv,,,21607299,,"<a href=""http://twitter.com/#!/download/ipad"" rel=""nofollow"">Twitter for iPad</a>",http://pbs.twimg.com/profile_images/779996268932296704/-SOshFO3_normal.jpg,1381,3389,"M√∂lndal, Sweden",http://twitter.com/Per_K/statuses/922022011655938048,"{""hashtags"":[{""text"":""v√§stl√§nken"",""indices"":[19,30]}],""symbols"":[],""user_mentions"":[],""urls"":[{""url"":""https://t.co/WAloFrcuR6"",""expanded_url"":""http://stoppavastlanken.nu/myten-om-utbyggnader-vastlanken/"",""display_url"":""stoppavastlanken.nu/myten-om-utbyg‚Ä¶"",""indices"":[31,54]}]}"
922009082344730624,angelaolsson1,RT @stoppa_VL: Myten om framtida utbyggnader och duosp√•rvagnar i #V√§stl√§nken #gbgpol https://t.co/PwXR3iwjio https://t.co/XGGjv25mbh,Sun Oct 22 07:57:49 +0000 2017,22/10/2017 08:57:49,,sv,,,733694856128790529,,"<a href=""http://twitter.com/download/android"" rel=""nofollow"">Twitter for Android</a>",http://pbs.twimg.com/profile_images/738628009494740992/so6YHw3i_normal.jpg,403,299,"G√∂teborg, Sverige",http://twitter.com/angelaolsson1/statuses/922009082344730624,"{""hashtags"":[{""text"":""V√§stl√§nken"",""indices"":[65,76]},{""text"":""gbgpol"",""indices"":[77,84]}],""symbols"":[],""user_mentions"":[{""screen_name"":""stoppa_VL"",""name"":""Stoppa V√§stl√§nken Nu"",""id"":3021205186,""id_str"":""3021205186"",""indices"":[3,13]}],""urls"":[{""url"":""https://t.co/PwXR3iwjio"",""expanded_url"":""http://stoppavastlanken.nu/myten-om-utbyggnader-vastlanken/"",""display_url"":""stoppavastlanken.nu/myten-om-utbyg‚Ä¶"",""indices"":[85,108]}],""media"":[{""id"":921956727683145700,""id_str"":""921956727683145729"",""indices"":[109,132],""media_url"":""http://pbs.twimg.com/media/DMtywlPV4AE-v0a.jpg"",""media_url_https"":""https://pbs.twimg.com/media/DMtywlPV4AE-v0a.jpg"",""url"":""https://t.co/XGGjv25mbh"",""display_url"":""pic.twitter.com/XGGjv25mbh"",""expanded_url"":""https://twitter.com/stoppa_VL/status/921956730271076353/photo/1"",""type"":""photo"",""sizes"":{""medium"":{""w"":831,""h"":752,""resize"":""fit""},""large"":{""w"":831,""h"":752,""resize"":""fit""},""thumb"":{""w"":150,""h"":150,""resize"":""crop""},""small"":{""w"":680,""h"":615,""resize"":""fit""}},""source_status_id"":921956730271076400,""source_status_id_str"":""921956730271076353"",""source_user_id"":3021205186,""source_user_id_str"":""3021205186""}]}"
921957009368518656,UlfJagler,RT @stoppa_VL: Myten om framtida utbyggnader och duosp√•rvagnar i #V√§stl√§nken #gbgpol https://t.co/PwXR3iwjio https://t.co/XGGjv25mbh,Sun Oct 22 04:30:54 +0000 2017,22/10/2017 05:30:54,,en,,,415043493,,"<a href=""http://twitter.com/download/iphone"" rel=""nofollow"">Twitter for iPhone</a>",http://pbs.twimg.com/profile_images/575317862039969792/i55kOGOM_normal.jpeg,91,148,"Bj√∂rlanda, Absurdistan",http://twitter.com/UlfJagler/statuses/921957009368518656,"{""hashtags"":[{""text"":""V√§stl√§nken"",""indices"":[65,76]},{""text"":""gbgpol"",""indices"":[77,84]}],""symbols"":[],""user_mentions"":[{""screen_name"":""stoppa_VL"",""name"":""Stoppa V√§stl√§nken Nu"",""id"":3021205186,""id_str"":""3021205186"",""indices"":[3,13]}],""urls"":[{""url"":""https://t.co/PwXR3iwjio"",""expanded_url"":""http://stoppavastlanken.nu/myten-om-utbyggnader-vastlanken/"",""display_url"":""stoppavastlanken.nu/myten-om-utbyg‚Ä¶"",""indices"":[85,108]}],""media"":[{""id"":921956727683145700,""id_str"":""921956727683145729"",""indices"":[109,132],""media_url"":""http://pbs.twimg.com/media/DMtywlPV4AE-v0a.jpg"",""media_url_https"":""https://pbs.twimg.com/media/DMtywlPV4AE-v0a.jpg"",""url"":""https://t.co/XGGjv25mbh"",""display_url"":""pic.twitter.com/XGGjv25mbh"",""expanded_url"":""https://twitter.com/stoppa_VL/status/921956730271076353/photo/1"",""type"":""photo"",""sizes"":{""medium"":{""w"":831,""h"":752,""resize"":""fit""},""large"":{""w"":831,""h"":752,""resize"":""fit""},""thumb"":{""w"":150,""h"":150,""resize"":""crop""},""small"":{""w"":680,""h"":615,""resize"":""fit""}},""source_status_id"":921956730271076400,""source_status_id_str"":""921956730271076353"",""source_user_id"":3021205186,""source_user_id_str"":""3021205186""}]}"
921956730271076353,stoppa_VL,Myten om framtida utbyggnader och duosp√•rvagnar i #V√§stl√§nken #gbgpol https://t.co/PwXR3iwjio https://t.co/XGGjv25mbh,Sun Oct 22 04:29:48 +0000 2017,22/10/2017 05:29:48,,sv,,,3021205186,,"<a href=""http://publicize.wp.com/"" rel=""nofollow"">WordPress.com</a>",http://pbs.twimg.com/profile_images/563610641202544640/URJkJeVz_normal.jpeg,256,168,G√∂teborg,http://twitter.com/stoppa_VL/statuses/921956730271076353,"{""hashtags"":[{""text"":""V√§stl√§nken"",""indices"":[50,61]},{""text"":""gbgpol"",""indices"":[62,69]}],""symbols"":[],""user_mentions"":[],""urls"":[{""url"":""https://t.co/PwXR3iwjio"",""expanded_url"":""http://stoppavastlanken.nu/myten-om-utbyggnader-vastlanken/"",""display_url"":""stoppavastlanken.nu/myten-om-utbyg‚Ä¶"",""indices"":[70,93]}],""media"":[{""id"":921956727683145700,""id_str"":""921956727683145729"",""indices"":[94,117],""media_url"":""http://pbs.twimg.com/media/DMtywlPV4AE-v0a.jpg"",""media_url_https"":""https://pbs.twimg.com/media/DMtywlPV4AE-v0a.jpg"",""url"":""https://t.co/XGGjv25mbh"",""display_url"":""pic.twitter.com/XGGjv25mbh"",""expanded_url"":""https://twitter.com/stoppa_VL/status/921956730271076353/photo/1"",""type"":""photo"",""sizes"":{""medium"":{""w"":831,""h"":752,""resize"":""fit""},""large"":{""w"":831,""h"":752,""resize"":""fit""},""thumb"":{""w"":150,""h"":150,""resize"":""crop""},""small"":{""w"":680,""h"":615,""resize"":""fit""}}}]}"
921866314859401218,AuliCarl,RT @stoppa_VL: Trafikverket ger sig p√• Adam Cwejman efter hans ledare i GP #v√§stl√§nken #gbgpol https://t.co/RK1fzCFBxh https://t.co/6yxdTrjwrz,Sat Oct 21 22:30:31 +0000 2017,21/10/2017 23:30:31,,sv,,,2892716104,,"<a href=""http://twitter.com"" rel=""nofollow"">Twitter Web Client</a>",http://pbs.twimg.com/profile_images/609291949518929920/d_TtdHJY_normal.jpg,141,92,,http://twitter.com/AuliCarl/statuses/921866314859401218,"{""hashtags"":[{""text"":""v√§stl√§nken"",""indices"":[75,86]},{""text"":""gbgpol"",""indices"":[87,94]}],""symbols"":[],""user_mentions"":[{""screen_name"":""stoppa_VL"",""name"":""Stoppa V√§stl√§nken Nu"",""id"":3021205186,""id_str"":""3021205186"",""indices"":[3,13]}],""urls"":[{""url"":""https://t.co/RK1fzCFBxh"",""expanded_url"":""http://stoppavastlanken.nu/trafikverket-ger-sig-pa-cwejman/"",""display_url"":""stoppavastlanken.nu/trafikverket-g‚Ä¶"",""indices"":[95,118]}]}"
921809840485359618,UlfJagler,RT @stoppa_VL: Trafikverket ger sig p√• Adam Cwejman efter hans ledare i GP #v√§stl√§nken #gbgpol https://t.co/RK1fzCFBxh https://t.co/6yxdTrjwrz,Sat Oct 21 18:46:07 +0000 2017,21/10/2017 19:46:07,,en,,,415043493,,"<a href=""http://twitter.com/download/iphone"" rel=""nofollow"">Twitter for iPhone</a>",http://pbs.twimg.com/profile_images/575317862039969792/i55kOGOM_normal.jpeg,91,148,"Bj√∂rlanda, Absurdistan",http://twitter.com/UlfJagler/statuses/921809840485359618,"{""hashtags"":[{""text"":""v√§stl√§nken"",""indices"":[75,86]},{""text"":""gbgpol"",""indices"":[87,94]}],""symbols"":[],""user_mentions"":[{""screen_name"":""stoppa_VL"",""name"":""Stoppa V√§stl√§nken Nu"",""id"":3021205186,""id_str"":""3021205186"",""indices"":[3,13]}],""urls"":[{""url"":""https://t.co/RK1fzCFBxh"",""expanded_url"":""http://stoppavastlanken.nu/trafikverket-ger-sig-pa-cwejman/"",""display_url"":""stoppavastlanken.nu/trafikverket-g‚Ä¶"",""indices"":[95,118]}]}"
921762373509222400,linvitea,RT @stoppa_VL: Trafikverket ger sig p√• Adam Cwejman efter hans ledare i GP #v√§stl√§nken #gbgpol https://t.co/RK1fzCFBxh https://t.co/6yxdTrjwrz,Sat Oct 21 15:37:30 +0000 2017,21/10/2017 16:37:30,,en,,,155199864,,"<a href=""http://twitter.com/download/iphone"" rel=""nofollow"">Twitter for iPhone</a>",http://pbs.twimg.com/profile_images/892000659309985792/uExY_13B_normal.jpg,51,432,,http://twitter.com/linvitea/statuses/921762373509222400,"{""hashtags"":[{""text"":""v√§stl√§nken"",""indices"":[75,86]},{""text"":""gbgpol"",""indices"":[87,94]}],""symbols"":[],""user_mentions"":[{""screen_name"":""stoppa_VL"",""name"":""Stoppa V√§stl√§nken Nu"",""id"":3021205186,""id_str"":""3021205186"",""indices"":[3,13]}],""urls"":[{""url"":""https://t.co/RK1fzCFBxh"",""expanded_url"":""http://stoppavastlanken.nu/trafikverket-ger-sig-pa-cwejman/"",""display_url"":""stoppavastlanken.nu/trafikverket-g‚Ä¶"",""indices"":[95,118]}]}"
921742406738956289,stoppa_VL,Trafikverket ger sig p√• Adam Cwejman efter hans ledare i GP #v√§stl√§nken #gbgpol https://t.co/RK1fzCFBxh https://t.co/6yxdTrjwrz,Sat Oct 21 14:18:09 +0000 2017,21/10/2017 15:18:09,,sv,,,3021205186,,"<a href=""http://publicize.wp.com/"" rel=""nofollow"">WordPress.com</a>",http://pbs.twimg.com/profile_images/563610641202544640/URJkJeVz_normal.jpeg,256,168,G√∂teborg,http://twitter.com/stoppa_VL/statuses/921742406738956289,"{""hashtags"":[{""text"":""v√§stl√§nken"",""indices"":[60,71]},{""text"":""gbgpol"",""indices"":[72,79]}],""symbols"":[],""user_mentions"":[],""urls"":[{""url"":""https://t.co/RK1fzCFBxh"",""expanded_url"":""http://stoppavastlanken.nu/trafikverket-ger-sig-pa-cwejman/"",""display_url"":""stoppavastlanken.nu/trafikverket-g‚Ä¶"",""indices"":[80,103]}],""media"":[{""id"":921742404285169700,""id_str"":""921742404285169665"",""indices"":[104,127],""media_url"":""http://pbs.twimg.com/media/DMqv1UXVAAEmVWT.jpg"",""media_url_https"":""https://pbs.twimg.com/media/DMqv1UXVAAEmVWT.jpg"",""url"":""https://t.co/6yxdTrjwrz"",""display_url"":""pic.twitter.com/6yxdTrjwrz"",""expanded_url"":""https://twitter.com/stoppa_VL/status/921742406738956289/photo/1"",""type"":""photo"",""sizes"":{""large"":{""w"":300,""h"":169,""resize"":""fit""},""medium"":{""w"":300,""h"":169,""resize"":""fit""},""thumb"":{""w"":150,""h"":150,""resize"":""crop""},""small"":{""w"":300,""h"":169,""resize"":""fit""}}}]}"
921457916527431680,Per_K,"Trafikmilj√∂n i G√∂teborg √§r besv√§rlig, och mycket v√§rre skulle det bli om man drar ig√•ng bygget av #v√§stl√§nken https://t.co/xR0oxVwwII",Fri Oct 20 19:27:41 +0000 2017,20/10/2017 20:27:41,,sv,,,21607299,,"<a href=""http://twitter.com/#!/download/ipad"" rel=""nofollow"">Twitter for iPad</a>",http://pbs.twimg.com/profile_images/779996268932296704/-SOshFO3_normal.jpg,1381,3389,"M√∂lndal, Sweden",http://twitter.com/Per_K/statuses/921457916527431680,"{""hashtags"":[{""text"":""v√§stl√§nken"",""indices"":[98,109]}],""symbols"":[],""user_mentions"":[],""urls"":[{""url"":""https://t.co/xR0oxVwwII"",""expanded_url"":""https://www.svt.se/nyheter/lokalt/vast/har-ar-goteborgarnas-forbjudna-vanstersvang"",""display_url"":""svt.se/nyheter/lokalt‚Ä¶"",""indices"":[110,133]}]}"
921290537126244352,Brandpug,#V√§stl√§nken kan f√∂rsenas flera √•r. https://t.co/wsFqGdwL7Z,Fri Oct 20 08:22:35 +0000 2017,20/10/2017 09:22:35,,sv,,,794323056,,"<a href=""http://twitter.com"" rel=""nofollow"">Twitter Web Client</a>",http://pbs.twimg.com/profile_images/378800000416637188/b705f2fa47cb2c092dc56174bc260c7a_normal.png,45,82,,http://twitter.com/Brandpug/statuses/921290537126244352,"{""hashtags"":[{""text"":""V√§stl√§nken"",""indices"":[0,11]}],""symbols"":[],""user_mentions"":[],""urls"":[{""url"":""https://t.co/wsFqGdwL7Z"",""expanded_url"":""http://spanaren.se/2017/10/18/fortsatta-processen-om-vastlanken-kan-paga-i-flera-ar/"",""display_url"":""spanaren.se/2017/10/18/for‚Ä¶"",""indices"":[35,58]}]}"
921110009295011840,Mariasigroth,"RT @gbgnarastorstad: Korsv√§gen ovanf√∂r den planerade nya t√•gstationen f√∂resl√•s bli en annan plats √§n idag. #v√§stl√§nken #gbgftw
https://t.co/DU8Em8dsYj https://t.co/us7mIB3ken",Thu Oct 19 20:25:14 +0000 2017,19/10/2017 21:25:14,,sv,,,3348957514,,"<a href=""http://twitter.com/download/android"" rel=""nofollow"">Twitter for Android</a>",http://abs.twimg.com/sticky/default_profile_images/default_profile_normal.png,6,67,"G√∂teborg, Sverige",http://twitter.com/Mariasigroth/statuses/921110009295011840,"{""hashtags"":[{""text"":""v√§stl√§nken"",""indices"":[107,118]},{""text"":""gbgftw"",""indices"":[119,126]}],""symbols"":[],""user_mentions"":[{""screen_name"":""gbgnarastorstad"",""name"":""gbgnarastorstad"",""id"":2494062570,""id_str"":""2494062570"",""indices"":[3,19]}],""urls"":[]}"
921089812853153792,jansylvan,@tumayer4 @mpgoteborg Det tycker jag att vi applicerar p√• #v√§stl√§nken!,Thu Oct 19 19:04:59 +0000 2017,19/10/2017 20:04:59,,sv,2442390024,tumayer4,80324652,921055579396825089,"<a href=""http://twitter.com/download/android"" rel=""nofollow"">Twitter for Android</a>",http://pbs.twimg.com/profile_images/845026270/n1149942400_30089178_2926_normal.jpg,236,518,"G√∂teborg, Sweden",http://twitter.com/jansylvan/statuses/921089812853153792,"{""hashtags"":[{""text"":""v√§stl√§nken"",""indices"":[58,69]}],""symbols"":[],""user_mentions"":[{""screen_name"":""tumayer4"",""name"":""Derya Tumayer"",""id"":2442390024,""id_str"":""2442390024"",""indices"":[0,9]},{""screen_name"":""mpgoteborg"",""name"":""MP G√∂teborg"",""id"":1875784194,""id_str"":""1875784194"",""indices"":[10,21]}],""urls"":[]}"
921061667399782401,jansylvan,"@KarinPleijel @HenrikMunck G√§ller det #v√§stl√§nken ocks√•? B√∂rjade p√• 12 miljarder, var landar vi efter MMDs dom?",Thu Oct 19 17:13:08 +0000 2017,19/10/2017 18:13:08,,sv,2159172895,KarinPleijel,80324652,921049880797351943,"<a href=""http://twitter.com/download/android"" rel=""nofollow"">Twitter for Android</a>",http://pbs.twimg.com/profile_images/845026270/n1149942400_30089178_2926_normal.jpg,236,518,"G√∂teborg, Sweden",http://twitter.com/jansylvan/statuses/921061667399782401,"{""hashtags"":[{""text"":""v√§stl√§nken"",""indices"":[38,49]}],""symbols"":[],""user_mentions"":[{""screen_name"":""KarinPleijel"",""name"":""Karin Pleijel"",""id"":2159172895,""id_str"":""2159172895"",""indices"":[0,13]},{""screen_name"":""HenrikMunck"",""name"":""Henrik Munck"",""id"":413149919,""id_str"":""413149919"",""indices"":[14,26]}],""urls"":[]}"
920958940753612801,jansylvan,@JohanTrouve @Trafikverket @GoteborgsPosten √Ñnnu mer intressant √§r varf√∂r man envisas med att driva vidare ett projekt med kraftigt negativ samh√§llsnytta och enorma risker. #v√§stl√§nken,Thu Oct 19 10:24:56 +0000 2017,19/10/2017 11:24:56,,sv,623641105,JohanTrouve,80324652,920932472610873344,"<a href=""http://twitter.com/download/android"" rel=""nofollow"">Twitter for Android</a>",http://pbs.twimg.com/profile_images/845026270/n1149942400_30089178_2926_normal.jpg,236,518,"G√∂teborg, Sweden",http://twitter.com/jansylvan/statuses/920958940753612801,"{""hashtags"":[{""text"":""v√§stl√§nken"",""indices"":[173,184]}],""symbols"":[],""user_mentions"":[{""screen_name"":""JohanTrouve"",""name"":""Johan Trouv√©"",""id"":623641105,""id_str"":""623641105"",""indices"":[0,12]},{""screen_name"":""Trafikverket"",""name"":""Trafikverket"",""id"":36625266,""id_str"":""36625266"",""indices"":[13,26]},{""screen_name"":""GoteborgsPosten"",""name"":""G√∂teborgs-Posten"",""id"":48356270,""id_str"":""48356270"",""indices"":[27,43]}],""urls"":[]}"
920953631863648256,LenHellstrom,RT @stoppa_VL: Desperationen lyser igenom mer och mer i projekt #v√§stl√§nken! https://t.co/hs4HJuZLmc,Thu Oct 19 10:03:50 +0000 2017,19/10/2017 11:03:50,,en,,,350320916,,"<a href=""http://twitter.com"" rel=""nofollow"">Twitter Web Client</a>",http://pbs.twimg.com/profile_images/2169389150/Mafalda_augusti_-11_017_normal.jpg,105,249,Gothenburg,http://twitter.com/LenHellstrom/statuses/920953631863648256,"{""hashtags"":[{""text"":""v√§stl√§nken"",""indices"":[64,75]}],""symbols"":[],""user_mentions"":[{""screen_name"":""stoppa_VL"",""name"":""Stoppa V√§stl√§nken Nu"",""id"":3021205186,""id_str"":""3021205186"",""indices"":[3,13]}],""urls"":[{""url"":""https://t.co/hs4HJuZLmc"",""expanded_url"":""https://twitter.com/vastlanken/status/920673600394407937"",""display_url"":""twitter.com/vastlanken/sta‚Ä¶"",""indices"":[77,100]}]}"
920789697634471936,angelaolsson1,RT @stoppa_VL: Det finns en handfull individer som tror att #v√§stl√§nken kommer att p√• b√∂rjas vid kommande √•rsskifte. https://t.co/Fq3c3DZpMH #gbgpol,Wed Oct 18 23:12:26 +0000 2017,19/10/2017 00:12:26,,sv,,,733694856128790529,,"<a href=""http://twitter.com/download/android"" rel=""nofollow"">Twitter for Android</a>",http://pbs.twimg.com/profile_images/738628009494740992/so6YHw3i_normal.jpg,403,299,"G√∂teborg, Sverige",http://twitter.com/angelaolsson1/statuses/920789697634471936,"{""hashtags"":[{""text"":""v√§stl√§nken"",""indices"":[60,71]}],""symbols"":[],""user_mentions"":[{""screen_name"":""stoppa_VL"",""name"":""Stoppa V√§stl√§nken Nu"",""id"":3021205186,""id_str"":""3021205186"",""indices"":[3,13]}],""urls"":[]}"
920758882343051276,jansylvan,RT @stoppa_VL: Det finns en handfull individer som tror att #v√§stl√§nken kommer att p√• b√∂rjas vid kommande √•rsskifte. https://t.co/Fq3c3DZpMH #gbgpol,Wed Oct 18 21:09:59 +0000 2017,18/10/2017 22:09:59,,sv,,,80324652,,"<a href=""http://twitter.com/download/android"" rel=""nofollow"">Twitter for Android</a>",http://pbs.twimg.com/profile_images/845026270/n1149942400_30089178_2926_normal.jpg,236,518,"G√∂teborg, Sweden",http://twitter.com/jansylvan/statuses/920758882343051276,"{""hashtags"":[{""text"":""v√§stl√§nken"",""indices"":[60,71]}],""symbols"":[],""user_mentions"":[{""screen_name"":""stoppa_VL"",""name"":""Stoppa V√§stl√§nken Nu"",""id"":3021205186,""id_str"":""3021205186"",""indices"":[3,13]}],""urls"":[]}"
920758666135064576,jansylvan,RT @stoppa_VL: Desperationen lyser igenom mer och mer i projekt #v√§stl√§nken! https://t.co/hs4HJuZLmc,Wed Oct 18 21:09:07 +0000 2017,18/10/2017 22:09:07,,sv,,,80324652,,"<a href=""http://twitter.com/download/android"" rel=""nofollow"">Twitter for Android</a>",http://pbs.twimg.com/profile_images/845026270/n1149942400_30089178_2926_normal.jpg,236,518,"G√∂teborg, Sweden",http://twitter.com/jansylvan/statuses/920758666135064576,"{""hashtags"":[{""text"":""v√§stl√§nken"",""indices"":[64,75]}],""symbols"":[],""user_mentions"":[{""screen_name"":""stoppa_VL"",""name"":""Stoppa V√§stl√§nken Nu"",""id"":3021205186,""id_str"":""3021205186"",""indices"":[3,13]}],""urls"":[{""url"":""https://t.co/hs4HJuZLmc"",""expanded_url"":""https://twitter.com/vastlanken/status/920673600394407937"",""display_url"":""twitter.com/vastlanken/sta‚Ä¶"",""indices"":[77,100]}]}"
920756523906846721,AuliCarl,RT @stoppa_VL: Desperationen lyser igenom mer och mer i projekt #v√§stl√§nken! https://t.co/hs4HJuZLmc,Wed Oct 18 21:00:36 +0000 2017,18/10/2017 22:00:36,,sv,,,2892716104,,"<a href=""http://twitter.com"" rel=""nofollow"">Twitter Web Client</a>",http://pbs.twimg.com/profile_images/609291949518929920/d_TtdHJY_normal.jpg,141,92,,http://twitter.com/AuliCarl/statuses/920756523906846721,"{""hashtags"":[{""text"":""v√§stl√§nken"",""indices"":[64,75]}],""symbols"":[],""user_mentions"":[{""screen_name"":""stoppa_VL"",""name"":""Stoppa V√§stl√§nken Nu"",""id"":3021205186,""id_str"":""3021205186"",""indices"":[3,13]}],""urls"":[{""url"":""https://t.co/hs4HJuZLmc"",""expanded_url"":""https://twitter.com/vastlanken/status/920673600394407937"",""display_url"":""twitter.com/vastlanken/sta‚Ä¶"",""indices"":[77,100]}]}"
920745823176216576,stoppa_VL,Desperationen lyser igenom mer och mer i projekt #v√§stl√§nken! https://t.co/hs4HJuZLmc,Wed Oct 18 20:18:05 +0000 2017,18/10/2017 21:18:05,,sv,,,3021205186,,"<a href=""http://twitter.com/download/android"" rel=""nofollow"">Twitter for Android</a>",http://pbs.twimg.com/profile_images/563610641202544640/URJkJeVz_normal.jpeg,256,168,G√∂teborg,http://twitter.com/stoppa_VL/statuses/920745823176216576,"{""hashtags"":[{""text"":""v√§stl√§nken"",""indices"":[49,60]}],""symbols"":[],""user_mentions"":[],""urls"":[{""url"":""https://t.co/hs4HJuZLmc"",""expanded_url"":""https://twitter.com/vastlanken/status/920673600394407937"",""display_url"":""twitter.com/vastlanken/sta‚Ä¶"",""indices"":[62,85]}]}"
920732110759038976,Per_K,Processen om #v√§stl√§nken kan p√•g√• i flera √•r. #gbgftw https://t.co/pNgmfafkS4,Wed Oct 18 19:23:36 +0000 2017,18/10/2017 20:23:36,,sv,,,21607299,,"<a href=""http://twitter.com/#!/download/ipad"" rel=""nofollow"">Twitter for iPad</a>",http://pbs.twimg.com/profile_images/779996268932296704/-SOshFO3_normal.jpg,1381,3389,"M√∂lndal, Sweden",http://twitter.com/Per_K/statuses/920732110759038976,"{""hashtags"":[{""text"":""v√§stl√§nken"",""indices"":[13,24]},{""text"":""gbgftw"",""indices"":[46,53]}],""symbols"":[],""user_mentions"":[],""urls"":[{""url"":""https://t.co/pNgmfafkS4"",""expanded_url"":""http://spanaren.se/2017/10/18/fortsatta-processen-om-vastlanken-kan-paga-i-flera-ar/"",""display_url"":""spanaren.se/2017/10/18/for‚Ä¶"",""indices"":[54,77]}]}"
920731965308973059,EiramRu,RT @stoppa_VL: Det finns en handfull individer som tror att #v√§stl√§nken kommer att p√• b√∂rjas vid kommande √•rsskifte. https://t.co/Fq3c3DZpMH #gbgpol,Wed Oct 18 19:23:01 +0000 2017,18/10/2017 20:23:01,,sv,,,2601745267,,"<a href=""http://twitter.com/download/iphone"" rel=""nofollow"">Twitter for iPhone</a>",http://pbs.twimg.com/profile_images/816777098043990017/DgAM6cd0_normal.jpg,187,553,"G√∂teborg, Sverige",http://twitter.com/EiramRu/statuses/920731965308973059,"{""hashtags"":[{""text"":""v√§stl√§nken"",""indices"":[60,71]}],""symbols"":[],""user_mentions"":[{""screen_name"":""stoppa_VL"",""name"":""Stoppa V√§stl√§nken Nu"",""id"":3021205186,""id_str"":""3021205186"",""indices"":[3,13]}],""urls"":[]}"
920710696429654018,AuliCarl,RT @stoppa_VL: Det finns en handfull individer som tror att #v√§stl√§nken kommer att p√• b√∂rjas vid kommande √•rsskifte. https://t.co/Fq3c3DZpMH #gbgpol,Wed Oct 18 17:58:30 +0000 2017,18/10/2017 18:58:30,,sv,,,2892716104,,"<a href=""http://twitter.com"" rel=""nofollow"">Twitter Web Client</a>",http://pbs.twimg.com/profile_images/609291949518929920/d_TtdHJY_normal.jpg,141,92,,http://twitter.com/AuliCarl/statuses/920710696429654018,"{""hashtags"":[{""text"":""v√§stl√§nken"",""indices"":[60,71]}],""symbols"":[],""user_mentions"":[{""screen_name"":""stoppa_VL"",""name"":""Stoppa V√§stl√§nken Nu"",""id"":3021205186,""id_str"":""3021205186"",""indices"":[3,13]}],""urls"":[]}"
920707175546310656,stoppa_VL,Det finns en handfull individer som tror att #v√§stl√§nken kommer att p√• b√∂rjas vid kommande √•rsskifte. https://t.co/Fq3c3DZpMH #gbgpol,Wed Oct 18 17:44:31 +0000 2017,18/10/2017 18:44:31,,sv,,,3021205186,,"<a href=""http://twitter.com/download/android"" rel=""nofollow"">Twitter for Android</a>",http://pbs.twimg.com/profile_images/563610641202544640/URJkJeVz_normal.jpeg,256,168,G√∂teborg,http://twitter.com/stoppa_VL/statuses/920707175546310656,"{""hashtags"":[{""text"":""v√§stl√§nken"",""indices"":[45,56]},{""text"":""gbgpol"",""indices"":[126,133]}],""symbols"":[],""user_mentions"":[],""urls"":[{""url"":""https://t.co/Fq3c3DZpMH"",""expanded_url"":""http://spanaren.se/2017/10/18/fortsatta-processen-om-vastlanken-kan-paga-i-flera-ar/"",""display_url"":""spanaren.se/2017/10/18/for‚Ä¶"",""indices"":[102,125]}]}"
920567472532619264,kenth_m,https://t.co/po4DcL7hfp #Bost√§der #G√∂teborg #V√§stl√§nken #√Ösikter ???,Wed Oct 18 08:29:23 +0000 2017,18/10/2017 09:29:23,,sv,,,469408267,,"<a href=""http://twitter.com"" rel=""nofollow"">Twitter Web Client</a>",http://pbs.twimg.com/profile_images/1831750015/grekland_2009_122__2__normal.JPG,347,1194,Landvetter Sverige,http://twitter.com/kenth_m/statuses/920567472532619264,"{""hashtags"":[{""text"":""Bost√§der"",""indices"":[24,33]},{""text"":""G√∂teborg"",""indices"":[34,43]},{""text"":""V√§stl√§nken"",""indices"":[44,55]},{""text"":""√Ösikter"",""indices"":[56,64]}],""symbols"":[],""user_mentions"":[],""urls"":[{""url"":""https://t.co/po4DcL7hfp"",""expanded_url"":""http://www.gp.se/1.4740986"",""display_url"":""gp.se/1.4740986"",""indices"":[0,23]}]}"
920536957410791424,angelaolsson1,"RT @stoppa_VL: √Ñnnu ett exempel p√• hur vissa av v√•ra politiker hanterar sanningen.
https://t.co/w6KQcYkCeN #v√§stl√§nken #gbgpol",Wed Oct 18 06:28:08 +0000 2017,18/10/2017 07:28:08,,sv,,,733694856128790529,,"<a href=""http://twitter.com/download/android"" rel=""nofollow"">Twitter for Android</a>",http://pbs.twimg.com/profile_images/738628009494740992/so6YHw3i_normal.jpg,403,299,"G√∂teborg, Sverige",http://twitter.com/angelaolsson1/statuses/920536957410791424,"{""hashtags"":[{""text"":""v√§stl√§nken"",""indices"":[107,118]},{""text"":""gbgpol"",""indices"":[119,126]}],""symbols"":[],""user_mentions"":[{""screen_name"":""stoppa_VL"",""name"":""Stoppa V√§stl√§nken Nu"",""id"":3021205186,""id_str"":""3021205186"",""indices"":[3,13]}],""urls"":[{""url"":""https://t.co/w6KQcYkCeN"",""expanded_url"":""http://spanaren.se/2017/10/17/martin-wannholt-begarde-ett-svar-av-trafikverkets-generaldirektor/"",""display_url"":""spanaren.se/2017/10/17/mar‚Ä¶"",""indices"":[83,106]}]}"
920428585743257602,EiramRu,"RT @stoppa_VL: √Ñnnu ett exempel p√• hur vissa av v√•ra politiker hanterar sanningen.
https://t.co/w6KQcYkCeN #v√§stl√§nken #gbgpol",Tue Oct 17 23:17:30 +0000 2017,18/10/2017 00:17:30,,sv,,,2601745267,,"<a href=""http://twitter.com/#!/download/ipad"" rel=""nofollow"">Twitter for iPad</a>",http://pbs.twimg.com/profile_images/816777098043990017/DgAM6cd0_normal.jpg,187,553,"G√∂teborg, Sverige",http://twitter.com/EiramRu/statuses/920428585743257602,"{""hashtags"":[{""text"":""v√§stl√§nken"",""indices"":[107,118]},{""text"":""gbgpol"",""indices"":[119,126]}],""symbols"":[],""user_mentions"":[{""screen_name"":""stoppa_VL"",""name"":""Stoppa V√§stl√§nken Nu"",""id"":3021205186,""id_str"":""3021205186"",""indices"":[3,13]}],""urls"":[{""url"":""https://t.co/w6KQcYkCeN"",""expanded_url"":""http://spanaren.se/2017/10/17/martin-wannholt-begarde-ett-svar-av-trafikverkets-generaldirektor/"",""display_url"":""spanaren.se/2017/10/17/mar‚Ä¶"",""indices"":[83,106]}]}"
920402274081558528,LenHellstrom,"RT @stoppa_VL: √Ñnnu ett exempel p√• hur vissa av v√•ra politiker hanterar sanningen.
https://t.co/w6KQcYkCeN #v√§stl√§nken #gbgpol",Tue Oct 17 21:32:57 +0000 2017,17/10/2017 22:32:57,,en,,,350320916,,"<a href=""http://twitter.com"" rel=""nofollow"">Twitter Web Client</a>",http://pbs.twimg.com/profile_images/2169389150/Mafalda_augusti_-11_017_normal.jpg,105,249,Gothenburg,http://twitter.com/LenHellstrom/statuses/920402274081558528,"{""hashtags"":[{""text"":""v√§stl√§nken"",""indices"":[107,118]},{""text"":""gbgpol"",""indices"":[119,126]}],""symbols"":[],""user_mentions"":[{""screen_name"":""stoppa_VL"",""name"":""Stoppa V√§stl√§nken Nu"",""id"":3021205186,""id_str"":""3021205186"",""indices"":[3,13]}],""urls"":[{""url"":""https://t.co/w6KQcYkCeN"",""expanded_url"":""http://spanaren.se/2017/10/17/martin-wannholt-begarde-ett-svar-av-trafikverkets-generaldirektor/"",""display_url"":""spanaren.se/2017/10/17/mar‚Ä¶"",""indices"":[83,106]}]}"
920384991955210240,AuliCarl,"RT @stoppa_VL: √Ñnnu ett exempel p√• hur vissa av v√•ra politiker hanterar sanningen.
https://t.co/w6KQcYkCeN #v√§stl√§nken #gbgpol",Tue Oct 17 20:24:16 +0000 2017,17/10/2017 21:24:16,,sv,,,2892716104,,"<a href=""http://twitter.com"" rel=""nofollow"">Twitter Web Client</a>",http://pbs.twimg.com/profile_images/609291949518929920/d_TtdHJY_normal.jpg,141,92,,http://twitter.com/AuliCarl/statuses/920384991955210240,"{""hashtags"":[{""text"":""v√§stl√§nken"",""indices"":[107,118]},{""text"":""gbgpol"",""indices"":[119,126]}],""symbols"":[],""user_mentions"":[{""screen_name"":""stoppa_VL"",""name"":""Stoppa V√§stl√§nken Nu"",""id"":3021205186,""id_str"":""3021205186"",""indices"":[3,13]}],""urls"":[{""url"":""https://t.co/w6KQcYkCeN"",""expanded_url"":""http://spanaren.se/2017/10/17/martin-wannholt-begarde-ett-svar-av-trafikverkets-generaldirektor/"",""display_url"":""spanaren.se/2017/10/17/mar‚Ä¶"",""indices"":[83,106]}]}"
920382848112189442,jansylvan,"RT @stoppa_VL: √Ñnnu ett exempel p√• hur vissa av v√•ra politiker hanterar sanningen.
https://t.co/w6KQcYkCeN #v√§stl√§nken #gbgpol",Tue Oct 17 20:15:45 +0000 2017,17/10/2017 21:15:45,,sv,,,80324652,,"<a href=""http://twitter.com/download/android"" rel=""nofollow"">Twitter for Android</a>",http://pbs.twimg.com/profile_images/845026270/n1149942400_30089178_2926_normal.jpg,236,518,"G√∂teborg, Sweden",http://twitter.com/jansylvan/statuses/920382848112189442,"{""hashtags"":[{""text"":""v√§stl√§nken"",""indices"":[107,118]},{""text"":""gbgpol"",""indices"":[119,126]}],""symbols"":[],""user_mentions"":[{""screen_name"":""stoppa_VL"",""name"":""Stoppa V√§stl√§nken Nu"",""id"":3021205186,""id_str"":""3021205186"",""indices"":[3,13]}],""urls"":[{""url"":""https://t.co/w6KQcYkCeN"",""expanded_url"":""http://spanaren.se/2017/10/17/martin-wannholt-begarde-ett-svar-av-trafikverkets-generaldirektor/"",""display_url"":""spanaren.se/2017/10/17/mar‚Ä¶"",""indices"":[83,106]}]}"
920381126476288000,stoppa_VL,"√Ñnnu ett exempel p√• hur vissa av v√•ra politiker hanterar sanningen.
https://t.co/w6KQcYkCeN #v√§stl√§nken #gbgpol",Tue Oct 17 20:08:55 +0000 2017,17/10/2017 21:08:55,,sv,,,3021205186,,"<a href=""http://twitter.com/download/android"" rel=""nofollow"">Twitter for Android</a>",http://pbs.twimg.com/profile_images/563610641202544640/URJkJeVz_normal.jpeg,256,168,G√∂teborg,http://twitter.com/stoppa_VL/statuses/920381126476288000,"{""hashtags"":[{""text"":""v√§stl√§nken"",""indices"":[92,103]},{""text"":""gbgpol"",""indices"":[104,111]}],""symbols"":[],""user_mentions"":[],""urls"":[{""url"":""https://t.co/w6KQcYkCeN"",""expanded_url"":""http://spanaren.se/2017/10/17/martin-wannholt-begarde-ett-svar-av-trafikverkets-generaldirektor/"",""display_url"":""spanaren.se/2017/10/17/mar‚Ä¶"",""indices"":[68,91]}]}"
920335563516981253,jansylvan,@mekwestlund @Per_K @MalmLena @SGoteborg @mpgoteborg Han har v√§l ungef√§r samma koll p√• #v√§stl√§nken som de medier du n√§mnde.,Tue Oct 17 17:07:52 +0000 2017,17/10/2017 18:07:52,,sv,1444564976,mekwestlund,80324652,920332573636808704,"<a href=""http://twitter.com/download/android"" rel=""nofollow"">Twitter for Android</a>",http://pbs.twimg.com/profile_images/845026270/n1149942400_30089178_2926_normal.jpg,236,518,"G√∂teborg, Sweden",http://twitter.com/jansylvan/statuses/920335563516981253,"{""hashtags"":[{""text"":""v√§stl√§nken"",""indices"":[87,98]}],""symbols"":[],""user_mentions"":[{""screen_name"":""mekwestlund"",""name"":""Kristoffer Westlund"",""id"":1444564976,""id_str"":""1444564976"",""indices"":[0,12]},{""screen_name"":""Per_K"",""name"":""Per Karlsson"",""id"":21607299,""id_str"":""21607299"",""indices"":[13,19]},{""screen_name"":""MalmLena"",""name"":""Lena Malm üá∏üá™‚ù§Ô∏è"",""id"":295585853,""id_str"":""295585853"",""indices"":[20,29]},{""screen_name"":""SGoteborg"",""name"":""(S) i G√∂teborg"",""id"":18772273,""id_str"":""18772273"",""indices"":[30,40]},{""screen_name"":""mpgoteborg"",""name"":""MP G√∂teborg"",""id"":1875784194,""id_str"":""1875784194"",""indices"":[41,52]}],""urls"":[]}"
920212723404853248,wickman_,RT @skjutsgruppen: I december kommer v√•r och @vgregion 's app f√∂r √∂kad #sam√•kning i #V√§straG√∂talandsRegionen . #gbgftw #v√§stl√§nken #Skjutgruppen @GustafZ_vgr @Klimat2030 @InfoKompis #Klimat2030 @FossilfrittSE #swgreen #svpol @vgrmiljo  #gbgtech #V√§straG√∂taland #G√∂teborg @svtnyheter https://t.co/Mmz4RqDKJY,Tue Oct 17 08:59:44 +0000 2017,17/10/2017 09:59:44,,sv,,,944674344,,"<a href=""http://twitter.com/download/android"" rel=""nofollow"">Twitter for Android</a>",http://pbs.twimg.com/profile_images/782999445982089217/IcXBIXVz_normal.jpg,934,1669,Sweden / Asia,http://twitter.com/wickman_/statuses/920212723404853248,"{""hashtags"":[{""text"":""sam√•kning"",""indices"":[71,81]},{""text"":""V√§straG√∂talandsRegionen"",""indices"":[84,108]},{""text"":""gbgftw"",""indices"":[111,118]},{""text"":""v√§stl√§nken"",""indices"":[119,130]}],""symbols"":[],""user_mentions"":[{""screen_name"":""skjutsgruppen"",""name"":""skjutsgruppen.nu"",""id"":15850480,""id_str"":""15850480"",""indices"":[3,17]},{""screen_name"":""vgregion"",""name"":""VGR"",""id"":61432298,""id_str"":""61432298"",""indices"":[45,54]}],""urls"":[]}"
920205553862938629,AuliCarl,RT @stoppa_VL: Nidbild blev ett ord som pl√∂tsligt d√∂k upp i V√§stl√§nksdebatten #v√§stl√§nken #gbgpol https://t.co/2f0QhyHx16,Tue Oct 17 08:31:15 +0000 2017,17/10/2017 09:31:15,,sv,,,2892716104,,"<a href=""http://twitter.com"" rel=""nofollow"">Twitter Web Client</a>",http://pbs.twimg.com/profile_images/609291949518929920/d_TtdHJY_normal.jpg,141,92,,http://twitter.com/AuliCarl/statuses/920205553862938629,"{""hashtags"":[{""text"":""v√§stl√§nken"",""indices"":[78,89]},{""text"":""gbgpol"",""indices"":[90,97]}],""symbols"":[],""user_mentions"":[{""screen_name"":""stoppa_VL"",""name"":""Stoppa V√§stl√§nken Nu"",""id"":3021205186,""id_str"":""3021205186"",""indices"":[3,13]}],""urls"":[{""url"":""https://t.co/2f0QhyHx16"",""expanded_url"":""http://stoppavastlanken.nu/nidbild-vastlanksdebatten/"",""display_url"":""stoppavastlanken.nu/nidbild-vastla‚Ä¶"",""indices"":[98,121]}]}"
920192064058548224,angelaolsson1,RT @stoppa_VL: Nidbild blev ett ord som pl√∂tsligt d√∂k upp i V√§stl√§nksdebatten #v√§stl√§nken #gbgpol https://t.co/2f0QhyHx16,Tue Oct 17 07:37:39 +0000 2017,17/10/2017 08:37:39,,sv,,,733694856128790529,,"<a href=""http://twitter.com/download/android"" rel=""nofollow"">Twitter for Android</a>",http://pbs.twimg.com/profile_images/738628009494740992/so6YHw3i_normal.jpg,403,299,"G√∂teborg, Sverige",http://twitter.com/angelaolsson1/statuses/920192064058548224,"{""hashtags"":[{""text"":""v√§stl√§nken"",""indices"":[78,89]},{""text"":""gbgpol"",""indices"":[90,97]}],""symbols"":[],""user_mentions"":[{""screen_name"":""stoppa_VL"",""name"":""Stoppa V√§stl√§nken Nu"",""id"":3021205186,""id_str"":""3021205186"",""indices"":[3,13]}],""urls"":[{""url"":""https://t.co/2f0QhyHx16"",""expanded_url"":""http://stoppavastlanken.nu/nidbild-vastlanksdebatten/"",""display_url"":""stoppavastlanken.nu/nidbild-vastla‚Ä¶"",""indices"":[98,121]}]}"
920171580264714240,Per_K,RT @stoppa_VL: Nidbild blev ett ord som pl√∂tsligt d√∂k upp i V√§stl√§nksdebatten #v√§stl√§nken #gbgpol https://t.co/2f0QhyHx16,Tue Oct 17 06:16:15 +0000 2017,17/10/2017 07:16:15,,sv,,,21607299,,"<a href=""http://twitter.com/download/iphone"" rel=""nofollow"">Twitter for iPhone</a>",http://pbs.twimg.com/profile_images/779996268932296704/-SOshFO3_normal.jpg,1381,3389,"M√∂lndal, Sweden",http://twitter.com/Per_K/statuses/920171580264714240,"{""hashtags"":[{""text"":""v√§stl√§nken"",""indices"":[78,89]},{""text"":""gbgpol"",""indices"":[90,97]}],""symbols"":[],""user_mentions"":[{""screen_name"":""stoppa_VL"",""name"":""Stoppa V√§stl√§nken Nu"",""id"":3021205186,""id_str"":""3021205186"",""indices"":[3,13]}],""urls"":[{""url"":""https://t.co/2f0QhyHx16"",""expanded_url"":""http://stoppavastlanken.nu/nidbild-vastlanksdebatten/"",""display_url"":""stoppavastlanken.nu/nidbild-vastla‚Ä¶"",""indices"":[98,121]}]}"
920170312259506176,Per_K,@mpgoteborg @MalmLena @jansylvan @SGoteborg Ok. D√• undrar jag: Menar ni (MP) att det √§r b√§ttre att satsa p√• #v√§stl√§nken jf.m. ny j√§rnv√§g G√∂teborg-Landvetter flygpl-Bor√•s?,Tue Oct 17 06:11:13 +0000 2017,17/10/2017 07:11:13,,sv,1875784194,mpgoteborg,21607299,919868369884590080,"<a href=""http://twitter.com/download/iphone"" rel=""nofollow"">Twitter for iPhone</a>",http://pbs.twimg.com/profile_images/779996268932296704/-SOshFO3_normal.jpg,1381,3389,"M√∂lndal, Sweden",http://twitter.com/Per_K/statuses/920170312259506176,"{""hashtags"":[{""text"":""v√§stl√§nken"",""indices"":[108,119]}],""symbols"":[],""user_mentions"":[{""screen_name"":""mpgoteborg"",""name"":""MP G√∂teborg"",""id"":1875784194,""id_str"":""1875784194"",""indices"":[0,11]},{""screen_name"":""MalmLena"",""name"":""Lena Malm üá∏üá™‚ù§Ô∏è"",""id"":295585853,""id_str"":""295585853"",""indices"":[12,21]},{""screen_name"":""jansylvan"",""name"":""Jan Sylvan"",""id"":80324652,""id_str"":""80324652"",""indices"":[22,32]},{""screen_name"":""SGoteborg"",""name"":""(S) i G√∂teborg"",""id"":18772273,""id_str"":""18772273"",""indices"":[33,43]}],""urls"":[]}"
920164137665212416,dt96hasv,I en bilk√∂ (p√• buss) men lugn bara v√§nta tills k√∂erna varit v√§rre i (minst) 8 √•r sedan blir det normala k√∂er igen‚Ä¶ #l√∂seringet #v√§stl√§nken,Tue Oct 17 05:46:40 +0000 2017,17/10/2017 06:46:40,,en,,,372153783,,"<a href=""http://twitter.com/download/android"" rel=""nofollow"">Twitter for Android</a>",http://pbs.twimg.com/profile_images/1539969969/Hans_profile_normal.jpg,93,97,"G√∂teborg, Sweden",http://twitter.com/dt96hasv/statuses/920164137665212416,"{""hashtags"":[{""text"":""l√∂seringet"",""indices"":[115,126]},{""text"":""v√§stl√§nken"",""indices"":[127,138]}],""symbols"":[],""user_mentions"":[],""urls"":[]}"
920158505784565760,trewe,"@mpgoteborg @jansylvan @MalmLena @SGoteborg G√∂teborg, VGR och region Halland har solidariskt betalningsansvar f√∂r nya &amp; of√∂rutsedda kostnader avseende #v√§stl√§nken och #vsp",Tue Oct 17 05:24:18 +0000 2017,17/10/2017 06:24:18,,sv,22316477,trewe,22316477,920157622732541952,"<a href=""http://twitter.com/download/android"" rel=""nofollow"">Twitter for Android</a>",http://pbs.twimg.com/profile_images/598159444480921600/h6BdihG8_normal.jpg,537,1426,Sweden,http://twitter.com/trewe/statuses/920158505784565760,"{""hashtags"":[{""text"":""v√§stl√§nken"",""indices"":[155,166]},{""text"":""vsp"",""indices"":[171,175]}],""symbols"":[],""user_mentions"":[{""screen_name"":""mpgoteborg"",""name"":""MP G√∂teborg"",""id"":1875784194,""id_str"":""1875784194"",""indices"":[0,11]},{""screen_name"":""jansylvan"",""name"":""Jan Sylvan"",""id"":80324652,""id_str"":""80324652"",""indices"":[12,22]},{""screen_name"":""MalmLena"",""name"":""Lena Malm üá∏üá™‚ù§Ô∏è"",""id"":295585853,""id_str"":""295585853"",""indices"":[23,32]},{""screen_name"":""SGoteborg"",""name"":""(S) i G√∂teborg"",""id"":18772273,""id_str"":""18772273"",""indices"":[33,43]}],""urls"":[]}"
920006740850171906,gronabilister,RT @skjutsgruppen: I december kommer v√•r och @vgregion 's app f√∂r √∂kad #sam√•kning i #V√§straG√∂talandsRegionen . #gbgftw #v√§stl√§nken #Skjutgruppen @GustafZ_vgr @Klimat2030 @InfoKompis #Klimat2030 @FossilfrittSE #swgreen #svpol @vgrmiljo  #gbgtech #V√§straG√∂taland #G√∂teborg @svtnyheter https://t.co/Mmz4RqDKJY,Mon Oct 16 19:21:14 +0000 2017,16/10/2017 20:21:14,,sv,,,97217416,,"<a href=""http://twitter.com/download/iphone"" rel=""nofollow"">Twitter for iPhone</a>",http://pbs.twimg.com/profile_images/661155672378187776/I7u2Afhi_normal.jpg,2925,521,Sweden,http://twitter.com/gronabilister/statuses/920006740850171906,"{""hashtags"":[{""text"":""sam√•kning"",""indices"":[71,81]},{""text"":""V√§straG√∂talandsRegionen"",""indices"":[84,108]},{""text"":""gbgftw"",""indices"":[111,118]},{""text"":""v√§stl√§nken"",""indices"":[119,130]}],""symbols"":[],""user_mentions"":[{""screen_name"":""skjutsgruppen"",""name"":""skjutsgruppen.nu"",""id"":15850480,""id_str"":""15850480"",""indices"":[3,17]},{""screen_name"":""vgregion"",""name"":""VGR"",""id"":61432298,""id_str"":""61432298"",""indices"":[45,54]}],""urls"":[]}"
919999880931704832,Sarahgbg,RT @stoppa_VL: Nidbild blev ett ord som pl√∂tsligt d√∂k upp i V√§stl√§nksdebatten #v√§stl√§nken #gbgpol https://t.co/2f0QhyHx16,Mon Oct 16 18:53:59 +0000 2017,16/10/2017 19:53:59,,sv,,,27426002,,"<a href=""http://twitter.com/download/android"" rel=""nofollow"">Twitter for Android</a>",http://pbs.twimg.com/profile_images/494932228804448256/GVD0dacB_normal.jpeg,1204,1498,G√∂teborg ,http://twitter.com/Sarahgbg/statuses/919999880931704832,"{""hashtags"":[{""text"":""v√§stl√§nken"",""indices"":[78,89]},{""text"":""gbgpol"",""indices"":[90,97]}],""symbols"":[],""user_mentions"":[{""screen_name"":""stoppa_VL"",""name"":""Stoppa V√§stl√§nken Nu"",""id"":3021205186,""id_str"":""3021205186"",""indices"":[3,13]}],""urls"":[{""url"":""https://t.co/2f0QhyHx16"",""expanded_url"":""http://stoppavastlanken.nu/nidbild-vastlanksdebatten/"",""display_url"":""stoppavastlanken.nu/nidbild-vastla‚Ä¶"",""indices"":[98,121]}]}"
919975352876670976,stoppa_VL,Nidbild blev ett ord som pl√∂tsligt d√∂k upp i V√§stl√§nksdebatten #v√§stl√§nken #gbgpol https://t.co/2f0QhyHx16,Mon Oct 16 17:16:31 +0000 2017,16/10/2017 18:16:31,,sv,,,3021205186,,"<a href=""http://publicize.wp.com/"" rel=""nofollow"">WordPress.com</a>",http://pbs.twimg.com/profile_images/563610641202544640/URJkJeVz_normal.jpeg,256,168,G√∂teborg,http://twitter.com/stoppa_VL/statuses/919975352876670976,"{""hashtags"":[{""text"":""v√§stl√§nken"",""indices"":[63,74]},{""text"":""gbgpol"",""indices"":[75,82]}],""symbols"":[],""user_mentions"":[],""urls"":[{""url"":""https://t.co/2f0QhyHx16"",""expanded_url"":""http://stoppavastlanken.nu/nidbild-vastlanksdebatten/"",""display_url"":""stoppavastlanken.nu/nidbild-vastla‚Ä¶"",""indices"":[83,106]}]}"
919972211762647040,GustafZ_vgr,RT @skjutsgruppen: I december kommer v√•r och @vgregion 's app f√∂r √∂kad #sam√•kning i #V√§straG√∂talandsRegionen . #gbgftw #v√§stl√§nken #Skjutgruppen @GustafZ_vgr @Klimat2030 @InfoKompis #Klimat2030 @FossilfrittSE #swgreen #svpol @vgrmiljo  #gbgtech #V√§straG√∂taland #G√∂teborg @svtnyheter https://t.co/Mmz4RqDKJY,Mon Oct 16 17:04:02 +0000 2017,16/10/2017 18:04:02,,sv,,,2839939426,,"<a href=""http://twitter.com/download/iphone"" rel=""nofollow"">Twitter for iPhone</a>",http://pbs.twimg.com/profile_images/535334604400390145/ZUK3c9mE_normal.jpeg,445,419,V√§stra G√∂taland,http://twitter.com/GustafZ_vgr/statuses/919972211762647040,"{""hashtags"":[{""text"":""sam√•kning"",""indices"":[71,81]},{""text"":""V√§straG√∂talandsRegionen"",""indices"":[84,108]},{""text"":""gbgftw"",""indices"":[111,118]},{""text"":""v√§stl√§nken"",""indices"":[119,130]}],""symbols"":[],""user_mentions"":[{""screen_name"":""skjutsgruppen"",""name"":""skjutsgruppen.nu"",""id"":15850480,""id_str"":""15850480"",""indices"":[3,17]},{""screen_name"":""vgregion"",""name"":""VGR"",""id"":61432298,""id_str"":""61432298"",""indices"":[45,54]}],""urls"":[]}"
919938100608098304,skjutsgruppen,RT @skjutsgruppen: I december kommer v√•r och @vgregion 's app f√∂r √∂kad #sam√•kning i #V√§straG√∂talandsRegionen . #gbgftw #v√§stl√§nken #Skjutgruppen @GustafZ_vgr @Klimat2030 @InfoKompis #Klimat2030 @FossilfrittSE #swgreen #svpol @vgrmiljo  #gbgtech #V√§straG√∂taland #G√∂teborg @svtnyheter https://t.co/Mmz4RqDKJY,Mon Oct 16 14:48:29 +0000 2017,16/10/2017 15:48:29,,en,,,15850480,,"<a href=""http://twitter.com/download/iphone"" rel=""nofollow"">Twitter for iPhone</a>",http://pbs.twimg.com/profile_images/378800000180919131/620a0f821643864b2cc2ef50fde005ef_normal.jpeg,3886,4598,"G√∂teborg, Sverige",http://twitter.com/skjutsgruppen/statuses/919938100608098304,"{""hashtags"":[{""text"":""sam√•kning"",""indices"":[71,81]},{""text"":""V√§straG√∂talandsRegionen"",""indices"":[84,108]},{""text"":""gbgftw"",""indices"":[111,118]},{""text"":""v√§stl√§nken"",""indices"":[119,130]}],""symbols"":[],""user_mentions"":[{""screen_name"":""skjutsgruppen"",""name"":""skjutsgruppen.nu"",""id"":15850480,""id_str"":""15850480"",""indices"":[3,17]},{""screen_name"":""vgregion"",""name"":""VGR"",""id"":61432298,""id_str"":""61432298"",""indices"":[45,54]}],""urls"":[]}"
919860793696489472,Per_K,"@mpgoteborg @jansylvan @MalmLena @SGoteborg Nej, den blir en flaskhals fr√•n b√∂rjan, och de flesta av oss resen√§rer skulle f√• l√§ngre  resv√§g med #v√§stl√§nken",Mon Oct 16 09:41:18 +0000 2017,16/10/2017 10:41:18,,sv,1875784194,mpgoteborg,21607299,919852494448099329,"<a href=""http://twitter.com/download/iphone"" rel=""nofollow"">Twitter for iPhone</a>",http://pbs.twimg.com/profile_images/779996268932296704/-SOshFO3_normal.jpg,1381,3389,"M√∂lndal, Sweden",http://twitter.com/Per_K/statuses/919860793696489472,"{""hashtags"":[{""text"":""v√§stl√§nken"",""indices"":[144,155]}],""symbols"":[],""user_mentions"":[{""screen_name"":""mpgoteborg"",""name"":""MP G√∂teborg"",""id"":1875784194,""id_str"":""1875784194"",""indices"":[0,11]},{""screen_name"":""jansylvan"",""name"":""Jan Sylvan"",""id"":80324652,""id_str"":""80324652"",""indices"":[12,22]},{""screen_name"":""MalmLena"",""name"":""Lena Malm üá∏üá™‚ù§Ô∏è"",""id"":295585853,""id_str"":""295585853"",""indices"":[23,32]},{""screen_name"":""SGoteborg"",""name"":""(S) i G√∂teborg"",""id"":18772273,""id_str"":""18772273"",""indices"":[33,43]}],""urls"":[]}"
919860033315393536,Per_K,"RT @stoppa_VL: ""Varf√∂r ska man lyssna p√• TRV om de inte ens sj√§lva vill g√∂ra det?"" https://t.co/kmjE5ARBbM #v√§stl√§nken",Mon Oct 16 09:38:16 +0000 2017,16/10/2017 10:38:16,,sv,,,21607299,,"<a href=""http://twitter.com/download/iphone"" rel=""nofollow"">Twitter for iPhone</a>",http://pbs.twimg.com/profile_images/779996268932296704/-SOshFO3_normal.jpg,1381,3389,"M√∂lndal, Sweden",http://twitter.com/Per_K/statuses/919860033315393536,"{""hashtags"":[{""text"":""v√§stl√§nken"",""indices"":[107,118]}],""symbols"":[],""user_mentions"":[{""screen_name"":""stoppa_VL"",""name"":""Stoppa V√§stl√§nken Nu"",""id"":3021205186,""id_str"":""3021205186"",""indices"":[3,13]}],""urls"":[{""url"":""https://t.co/kmjE5ARBbM"",""expanded_url"":""http://www.gp.se/ledare/cwejman-v%C3%A4stl%C3%A4nken-%C3%A4r-en-koloss-p%C3%A5-lerf%C3%B6tter-1.4725632"",""display_url"":""gp.se/ledare/cwejman‚Ä¶"",""indices"":[83,106]}]}"
919830963059920896,gbgtechweek,RT @skjutsgruppen: I december kommer v√•r och @vgregion 's app f√∂r √∂kad #sam√•kning i #V√§straG√∂talandsRegionen . #gbgftw #v√§stl√§nken #Skjutgruppen @GustafZ_vgr @Klimat2030 @InfoKompis #Klimat2030 @FossilfrittSE #swgreen #svpol @vgrmiljo  #gbgtech #V√§straG√∂taland #G√∂teborg @svtnyheter https://t.co/Mmz4RqDKJY,Mon Oct 16 07:42:45 +0000 2017,16/10/2017 08:42:45,,sv,,,3110526946,,"<a href=""https://roundteam.co"" rel=""nofollow"">RoundTeam</a>",http://pbs.twimg.com/profile_images/842651106136285184/QY1AONao_normal.jpg,1275,,"G√∂teborg, Sverige",http://twitter.com/gbgtechweek/statuses/919830963059920896,"{""hashtags"":[{""text"":""sam√•kning"",""indices"":[71,81]},{""text"":""V√§straG√∂talandsRegionen"",""indices"":[84,108]},{""text"":""gbgftw"",""indices"":[111,118]},{""text"":""v√§stl√§nken"",""indices"":[119,130]}],""symbols"":[],""user_mentions"":[{""screen_name"":""skjutsgruppen"",""name"":""skjutsgruppen.nu"",""id"":15850480,""id_str"":""15850480"",""indices"":[3,17]},{""screen_name"":""vgregion"",""name"":""VGR"",""id"":61432298,""id_str"":""61432298"",""indices"":[45,54]}],""urls"":[]}"
919830585169858560,skjutsgruppen,I december kommer v√•r och @vgregion 's app f√∂r √∂kad #sam√•kning i #V√§straG√∂talandsRegionen . #gbgftw #v√§stl√§nken #Skjutgruppen @GustafZ_vgr @Klimat2030 @InfoKompis #Klimat2030 @FossilfrittSE #swgreen #svpol @vgrmiljo  #gbgtech #V√§straG√∂taland #G√∂teborg @svtnyheter https://t.co/Mmz4RqDKJY,Mon Oct 16 07:41:15 +0000 2017,16/10/2017 08:41:15,,en,,,15850480,,"<a href=""http://twitter.com/download/iphone"" rel=""nofollow"">Twitter for iPhone</a>",http://pbs.twimg.com/profile_images/378800000180919131/620a0f821643864b2cc2ef50fde005ef_normal.jpeg,3886,4598,"G√∂teborg, Sverige",http://twitter.com/skjutsgruppen/statuses/919830585169858560,"{""hashtags"":[{""text"":""sam√•kning"",""indices"":[52,62]},{""text"":""V√§straG√∂talandsRegionen"",""indices"":[65,89]},{""text"":""gbgftw"",""indices"":[92,99]},{""text"":""v√§stl√§nken"",""indices"":[100,111]},{""text"":""Skjutgruppen"",""indices"":[112,125]},{""text"":""Klimat2030"",""indices"":[163,174]},{""text"":""swgreen"",""indices"":[190,198]},{""text"":""svpol"",""indices"":[199,205]},{""text"":""gbgtech"",""indices"":[217,225]},{""text"":""V√§straG√∂taland"",""indices"":[226,241]},{""text"":""G√∂teborg"",""indices"":[242,251]}],""symbols"":[],""user_mentions"":[{""screen_name"":""vgregion"",""name"":""VGR"",""id"":61432298,""id_str"":""61432298"",""indices"":[26,35]},{""screen_name"":""GustafZ_vgr"",""name"":""Gustaf Zettergren"",""id"":2839939426,""id_str"":""2839939426"",""indices"":[126,138]},{""screen_name"":""Klimat2030"",""name"":""Klimat 2030"",""id"":910068372569763800,""id_str"":""910068372569763840"",""indices"":[139,150]},{""screen_name"":""InfoKompis"",""name"":""KOMPIS"",""id"":881428216115802100,""id_str"":""881428216115802114"",""indices"":[151,162]},{""screen_name"":""FossilfrittSE"",""name"":""Fossilfritt Sverige"",""id"":816670377069936600,""id_str"":""816670377069936641"",""indices"":[175,189]},{""screen_name"":""vgrmiljo"",""name"":""Milj√∂"",""id"":2827984735,""id_str"":""2827984735"",""indices"":[206,215]},{""screen_name"":""svtnyheter"",""name"":""SVT Nyheter"",""id"":372142346,""id_str"":""372142346"",""indices"":[252,263]}],""urls"":[{""url"":""https://t.co/Mmz4RqDKJY"",""expanded_url"":""https://twitter.com/per_k/status/918542229026861057"",""display_url"":""twitter.com/per_k/status/9‚Ä¶"",""indices"":[264,287]}]}"
919828308484874241,magnusgus,"Eller s√• har du fel igen, Johan Trouv√©. ..
#v√§stl√§nken √§r ett totalt fiasko redan p√• ritbordet! Negativ nytta big.  https://t.co/JFilwI1LAw",Mon Oct 16 07:32:12 +0000 2017,16/10/2017 08:32:12,,sv,,,43751977,,"<a href=""http://twitter.com/download/android"" rel=""nofollow"">Twitter for Android</a>",http://pbs.twimg.com/profile_images/780857118240993280/YnWdJkmN_normal.jpg,65,334,,http://twitter.com/magnusgus/statuses/919828308484874241,"{""hashtags"":[{""text"":""v√§stl√§nken"",""indices"":[43,54]}],""symbols"":[],""user_mentions"":[],""urls"":[{""url"":""https://t.co/JFilwI1LAw"",""expanded_url"":""http://sverigesradio.se/sida/artikel.aspx?programid=438&artikel=6797953"",""display_url"":""sverigesradio.se/sida/artikel.a‚Ä¶"",""indices"":[116,139]}]}"
919666085397397507,metteramquist,"RT @gbgnarastorstad: Korsv√§gen ovanf√∂r den planerade nya t√•gstationen f√∂resl√•s bli en annan plats √§n idag. #v√§stl√§nken #gbgftw
https://t.co/DU8Em8dsYj https://t.co/us7mIB3ken",Sun Oct 15 20:47:35 +0000 2017,15/10/2017 21:47:35,,sv,,,2876283999,,"<a href=""http://twitter.com/download/iphone"" rel=""nofollow"">Twitter for iPhone</a>",http://pbs.twimg.com/profile_images/781178520529694720/mtattO1M_normal.jpg,332,658,"G√∂teborg, Sverige",http://twitter.com/metteramquist/statuses/919666085397397507,"{""hashtags"":[{""text"":""v√§stl√§nken"",""indices"":[107,118]},{""text"":""gbgftw"",""indices"":[119,126]}],""symbols"":[],""user_mentions"":[{""screen_name"":""gbgnarastorstad"",""name"":""gbgnarastorstad"",""id"":2494062570,""id_str"":""2494062570"",""indices"":[3,19]}],""urls"":[]}"
919659301291032581,dysterkvist,RT @HerrSodersten: Ledare f√∂r motst√•ndet mot #V√§stl√§nken √§r missn√∂jd med ett reportage. Listar d√• alla hon vill h√§nga. https://t.co/MSmJ5bL6Vc,Sun Oct 15 20:20:38 +0000 2017,15/10/2017 21:20:38,,sv,,,54863987,,"<a href=""http://twitter.com"" rel=""nofollow"">Twitter Web Client</a>",http://pbs.twimg.com/profile_images/602791462560993280/j50WP76X_normal.jpg,90,114,Gubbk√∂ping,http://twitter.com/dysterkvist/statuses/919659301291032581,"{""hashtags"":[{""text"":""V√§stl√§nken"",""indices"":[45,56]}],""symbols"":[],""user_mentions"":[{""screen_name"":""HerrSodersten"",""name"":""Gabriel S√∂dersten"",""id"":220477731,""id_str"":""220477731"",""indices"":[3,17]}],""urls"":[]}"
919658012830203904,Liljerosso,RT @HerrSodersten: Ledare f√∂r motst√•ndet mot #V√§stl√§nken √§r missn√∂jd med ett reportage. Listar d√• alla hon vill h√§nga. https://t.co/MSmJ5bL6Vc,Sun Oct 15 20:15:31 +0000 2017,15/10/2017 21:15:31,,sv,,,743354966,,"<a href=""http://twitter.com/download/android"" rel=""nofollow"">Twitter for Android</a>",http://pbs.twimg.com/profile_images/697671967676104705/Gl2NBcsD_normal.jpg,402,546,,http://twitter.com/Liljerosso/statuses/919658012830203904,"{""hashtags"":[{""text"":""V√§stl√§nken"",""indices"":[45,56]}],""symbols"":[],""user_mentions"":[{""screen_name"":""HerrSodersten"",""name"":""Gabriel S√∂dersten"",""id"":220477731,""id_str"":""220477731"",""indices"":[3,17]}],""urls"":[]}"
919655278810927114,AndersHgstrm1,RT @HerrSodersten: Ledare f√∂r motst√•ndet mot #V√§stl√§nken √§r missn√∂jd med ett reportage. Listar d√• alla hon vill h√§nga. https://t.co/MSmJ5bL6Vc,Sun Oct 15 20:04:39 +0000 2017,15/10/2017 21:04:39,,sv,,,2320483321,,"<a href=""http://twitter.com/download/iphone"" rel=""nofollow"">Twitter for iPhone</a>",http://pbs.twimg.com/profile_images/539005130188673024/-tTl6sZI_normal.jpeg,101,198,,http://twitter.com/AndersHgstrm1/statuses/919655278810927114,"{""hashtags"":[{""text"":""V√§stl√§nken"",""indices"":[45,56]}],""symbols"":[],""user_mentions"":[{""screen_name"":""HerrSodersten"",""name"":""Gabriel S√∂dersten"",""id"":220477731,""id_str"":""220477731"",""indices"":[3,17]}],""urls"":[]}"
919617124552921089,HerrSodersten,Ledare f√∂r motst√•ndet mot #V√§stl√§nken √§r missn√∂jd med ett reportage. Listar d√• alla hon vill h√§nga. https://t.co/MSmJ5bL6Vc,Sun Oct 15 17:33:02 +0000 2017,15/10/2017 18:33:02,,sv,,,220477731,,"<a href=""http://twitter.com/download/android"" rel=""nofollow"">Twitter for Android</a>",http://pbs.twimg.com/profile_images/911356151639560192/EyFiBd-v_normal.jpg,747,957,G√∂teborg,http://twitter.com/HerrSodersten/statuses/919617124552921089,"{""hashtags"":[{""text"":""V√§stl√§nken"",""indices"":[26,37]}],""symbols"":[],""user_mentions"":[],""urls"":[],""media"":[{""id"":919617112016064500,""id_str"":""919617112016064512"",""indices"":[100,123],""media_url"":""http://pbs.twimg.com/media/DMMi5BsWkAAUleg.jpg"",""media_url_https"":""https://pbs.twimg.com/media/DMMi5BsWkAAUleg.jpg"",""url"":""https://t.co/MSmJ5bL6Vc"",""display_url"":""pic.twitter.com/MSmJ5bL6Vc"",""expanded_url"":""https://twitter.com/HerrSodersten/status/919617124552921089/photo/1"",""type"":""photo"",""sizes"":{""thumb"":{""w"":150,""h"":150,""resize"":""crop""},""large"":{""w"":720,""h"":1280,""resize"":""fit""},""medium"":{""w"":675,""h"":1200,""resize"":""fit""},""small"":{""w"":383,""h"":680,""resize"":""fit""}}}]}"
919566446073655296,AuliCarl,RT @skonagoteborg: Huvudf√∂rhandlingen i mark- och milj√∂domstolen √§r avslutad #v√§stl√§nken #gbgpol https://t.co/rZ1vA8fw7q https://t.co/W2srex4wZd,Sun Oct 15 14:11:40 +0000 2017,15/10/2017 15:11:40,,sv,,,2892716104,,"<a href=""http://twitter.com"" rel=""nofollow"">Twitter Web Client</a>",http://pbs.twimg.com/profile_images/609291949518929920/d_TtdHJY_normal.jpg,141,92,,http://twitter.com/AuliCarl/statuses/919566446073655296,"{""hashtags"":[{""text"":""v√§stl√§nken"",""indices"":[77,88]},{""text"":""gbgpol"",""indices"":[89,96]}],""symbols"":[],""user_mentions"":[{""screen_name"":""skonagoteborg"",""name"":""Skona G√∂teborg"",""id"":777834032444866600,""id_str"":""777834032444866560"",""indices"":[3,17]}],""urls"":[{""url"":""https://t.co/rZ1vA8fw7q"",""expanded_url"":""http://skonagoteborg.nu/huvudforhandlingen-mmd-avslutad/"",""display_url"":""skonagoteborg.nu/huvudforhandli‚Ä¶"",""indices"":[97,120]}]}"
919506840819466241,jansylvan,@MalmLena @mpgoteborg @SGoteborg Ta pengarna fr√•n #v√§stl√§nken till Bor√•sbanan n√§r den stoppas av det sunda f√∂rnuftet eller MMD,Sun Oct 15 10:14:49 +0000 2017,15/10/2017 11:14:49,,sv,295585853,MalmLena,80324652,919267097276043266,"<a href=""http://twitter.com/download/android"" rel=""nofollow"">Twitter for Android</a>",http://pbs.twimg.com/profile_images/845026270/n1149942400_30089178_2926_normal.jpg,236,518,"G√∂teborg, Sweden",http://twitter.com/jansylvan/statuses/919506840819466241,"{""hashtags"":[{""text"":""v√§stl√§nken"",""indices"":[50,61]}],""symbols"":[],""user_mentions"":[{""screen_name"":""MalmLena"",""name"":""Lena Malm üá∏üá™‚ù§Ô∏è"",""id"":295585853,""id_str"":""295585853"",""indices"":[0,9]},{""screen_name"":""mpgoteborg"",""name"":""MP G√∂teborg"",""id"":1875784194,""id_str"":""1875784194"",""indices"":[10,21]},{""screen_name"":""SGoteborg"",""name"":""(S) i G√∂teborg"",""id"":18772273,""id_str"":""18772273"",""indices"":[22,32]}],""urls"":[]}"
919482610132414464,Per_K,RT @skonagoteborg: Huvudf√∂rhandlingen i mark- och milj√∂domstolen √§r avslutad #v√§stl√§nken #gbgpol https://t.co/rZ1vA8fw7q https://t.co/W2srex4wZd,Sun Oct 15 08:38:32 +0000 2017,15/10/2017 09:38:32,,sv,,,21607299,,"<a href=""http://twitter.com/download/iphone"" rel=""nofollow"">Twitter for iPhone</a>",http://pbs.twimg.com/profile_images/779996268932296704/-SOshFO3_normal.jpg,1381,3389,"M√∂lndal, Sweden",http://twitter.com/Per_K/statuses/919482610132414464,"{""hashtags"":[{""text"":""v√§stl√§nken"",""indices"":[77,88]},{""text"":""gbgpol"",""indices"":[89,96]}],""symbols"":[],""user_mentions"":[{""screen_name"":""skonagoteborg"",""name"":""Skona G√∂teborg"",""id"":777834032444866600,""id_str"":""777834032444866560"",""indices"":[3,17]}],""urls"":[{""url"":""https://t.co/rZ1vA8fw7q"",""expanded_url"":""http://skonagoteborg.nu/huvudforhandlingen-mmd-avslutad/"",""display_url"":""skonagoteborg.nu/huvudforhandli‚Ä¶"",""indices"":[97,120]}]}"
919476091361914882,AndersHgstrm1,"RT @MagnusOsterlund: Motst√•ndarna till #v√§stl√§nken p√•st√•r sig st√• f√∂r sanningen. Varf√∂r √§r det d√• s√• l√§skigt n√§r deras ""sanning"" granskas. https://t.co/9gEDrhAAbP",Sun Oct 15 08:12:37 +0000 2017,15/10/2017 09:12:37,,sv,,,2320483321,,"<a href=""http://twitter.com"" rel=""nofollow"">Twitter Web Client</a>",http://pbs.twimg.com/profile_images/539005130188673024/-tTl6sZI_normal.jpeg,101,198,,http://twitter.com/AndersHgstrm1/statuses/919476091361914882,"{""hashtags"":[{""text"":""v√§stl√§nken"",""indices"":[39,50]}],""symbols"":[],""user_mentions"":[{""screen_name"":""MagnusOsterlund"",""name"":""Magnus √ñsterlund"",""id"":54989441,""id_str"":""54989441"",""indices"":[3,19]}],""urls"":[]}"
919426550541496320,gryningsrad,V√§nta bara och se tills det b√∂rjar att gr√§vas i samband med #v√§stl√§nken https://t.co/2IlMPFtS9m #gbgftw,Sun Oct 15 04:55:46 +0000 2017,15/10/2017 05:55:46,,en,,,22923305,,"<a href=""https://about.twitter.com/products/tweetdeck"" rel=""nofollow"">TweetDeck</a>",http://pbs.twimg.com/profile_images/664580932406497280/3zBqoHui_normal.jpg,208,575,G√∂teborg,http://twitter.com/gryningsrad/statuses/919426550541496320,"{""hashtags"":[{""text"":""v√§stl√§nken"",""indices"":[60,71]},{""text"":""gbgftw"",""indices"":[96,103]}],""symbols"":[],""user_mentions"":[],""urls"":[{""url"":""https://t.co/2IlMPFtS9m"",""expanded_url"":""http://www.gp.se/nyheter/g%C3%B6teborg/g%C3%B6teborg-%C3%A4r-n%C3%A4sta-nya-heta-weekend-m%C3%A5l-1.4729324"",""display_url"":""gp.se/nyheter/g%C3%B‚Ä¶"",""indices"":[72,95]}]}"
919285950831874049,Liljerosso,"RT @MagnusOsterlund: Motst√•ndarna till #v√§stl√§nken p√•st√•r sig st√• f√∂r sanningen. Varf√∂r √§r det d√• s√• l√§skigt n√§r deras ""sanning"" granskas. https://t.co/9gEDrhAAbP",Sat Oct 14 19:37:04 +0000 2017,14/10/2017 20:37:04,,sv,,,743354966,,"<a href=""http://twitter.com/download/android"" rel=""nofollow"">Twitter for Android</a>",http://pbs.twimg.com/profile_images/697671967676104705/Gl2NBcsD_normal.jpg,402,546,,http://twitter.com/Liljerosso/statuses/919285950831874049,"{""hashtags"":[{""text"":""v√§stl√§nken"",""indices"":[39,50]}],""symbols"":[],""user_mentions"":[{""screen_name"":""MagnusOsterlund"",""name"":""Magnus √ñsterlund"",""id"":54989441,""id_str"":""54989441"",""indices"":[3,19]}],""urls"":[]}"
919282607233396736,AndersHgstrm1,"RT @Liljerosso: Snacka om sj√§lvm√•l. Som sagt - saliga √§r de som tror, fast√§n de inte ser.
#v√§stl√§nken #gbgftw #kfgbg https://t.co/cCbGn2npqI",Sat Oct 14 19:23:47 +0000 2017,14/10/2017 20:23:47,,sv,,,2320483321,,"<a href=""http://twitter.com"" rel=""nofollow"">Twitter Web Client</a>",http://pbs.twimg.com/profile_images/539005130188673024/-tTl6sZI_normal.jpeg,101,198,,http://twitter.com/AndersHgstrm1/statuses/919282607233396736,"{""hashtags"":[{""text"":""v√§stl√§nken"",""indices"":[90,101]},{""text"":""gbgftw"",""indices"":[102,109]},{""text"":""kfgbg"",""indices"":[110,116]}],""symbols"":[],""user_mentions"":[{""screen_name"":""Liljerosso"",""name"":""Liljerosso"",""id"":743354966,""id_str"":""743354966"",""indices"":[3,14]}],""urls"":[],""media"":[{""id"":919228195290996700,""id_str"":""919228195290996736"",""indices"":[117,140],""media_url"":""http://pbs.twimg.com/media/DMHBLF_X4AAfHgS.jpg"",""media_url_https"":""https://pbs.twimg.com/media/DMHBLF_X4AAfHgS.jpg"",""url"":""https://t.co/cCbGn2npqI"",""display_url"":""pic.twitter.com/cCbGn2npqI"",""expanded_url"":""https://twitter.com/Liljerosso/status/919228424685850624/photo/1"",""type"":""photo"",""sizes"":{""small"":{""w"":680,""h"":483,""resize"":""fit""},""large"":{""w"":920,""h"":654,""resize"":""fit""},""thumb"":{""w"":150,""h"":150,""resize"":""crop""},""medium"":{""w"":920,""h"":654,""resize"":""fit""}},""source_status_id"":919228424685850600,""source_status_id_str"":""919228424685850624"",""source_user_id"":743354966,""source_user_id_str"":""743354966""}]}"
919282576828829698,sister756,https://t.co/us4tUOhwBr #gbgpol #v√§stl√§nken,Sat Oct 14 19:23:40 +0000 2017,14/10/2017 20:23:40,,sv,,,874207375,,"<a href=""http://twitter.com/#!/download/ipad"" rel=""nofollow"">Twitter for iPad</a>",http://pbs.twimg.com/profile_images/866574046216978432/m2cMGbl3_normal.jpg,1001,444,Sweden ,http://twitter.com/sister756/statuses/919282576828829698,"{""hashtags"":[{""text"":""gbgpol"",""indices"":[24,31]},{""text"":""v√§stl√§nken"",""indices"":[32,43]}],""symbols"":[],""user_mentions"":[],""urls"":[{""url"":""https://t.co/us4tUOhwBr"",""expanded_url"":""http://www.gp.se/nyheter/g%C3%B6teborg/sv%C3%A5ra-%C3%A5r-f%C3%B6r-bilister-v%C3%A4ntar-n%C3%A4r-v%C3%A4stl%C3%A4nken-byggs-1.4722827"",""display_url"":""gp.se/nyheter/g%C3%B‚Ä¶"",""indices"":[0,23]}]}"
919280758698790913,UlfJagler,"@nya_moderaterna @Ericson_ubbhult Ungef√§r som #v√§stl√§nken. Den √§r ocks√• underfinansierad. 45-50 miljarder upp i r√∂k, och @nya_moderaterna g√∂r ingenting √•t det? Sk√§ms p√• er",Sat Oct 14 19:16:26 +0000 2017,14/10/2017 20:16:26,,en,19226961,nya_moderaterna,415043493,919130056986976256,"<a href=""http://twitter.com/download/iphone"" rel=""nofollow"">Twitter for iPhone</a>",http://pbs.twimg.com/profile_images/575317862039969792/i55kOGOM_normal.jpeg,91,148,"Bj√∂rlanda, Absurdistan",http://twitter.com/UlfJagler/statuses/919280758698790913,"{""hashtags"":[{""text"":""v√§stl√§nken"",""indices"":[46,57]}],""symbols"":[],""user_mentions"":[{""screen_name"":""nya_moderaterna"",""name"":""Nya Moderaterna"",""id"":19226961,""id_str"":""19226961"",""indices"":[0,16]},{""screen_name"":""Ericson_ubbhult"",""name"":""Jan Ericson"",""id"":393890670,""id_str"":""393890670"",""indices"":[17,33]},{""screen_name"":""nya_moderaterna"",""name"":""Nya Moderaterna"",""id"":19226961,""id_str"":""19226961"",""indices"":[121,137]}],""urls"":[]}"
919278009647026177,MagnusOsterlund,"Motst√•ndarna till #v√§stl√§nken p√•st√•r sig st√• f√∂r sanningen. Varf√∂r √§r det d√• s√• l√§skigt n√§r deras ""sanning"" granskas. https://t.co/9gEDrhAAbP",Sat Oct 14 19:05:31 +0000 2017,14/10/2017 20:05:31,,sv,,,54989441,,"<a href=""http://twitter.com/download/android"" rel=""nofollow"">Twitter for Android</a>",http://pbs.twimg.com/profile_images/1550083405/n609547681_3013_normal.jpg,633,278,Partille,http://twitter.com/MagnusOsterlund/statuses/919278009647026177,"{""hashtags"":[{""text"":""v√§stl√§nken"",""indices"":[18,29]}],""symbols"":[],""user_mentions"":[],""urls"":[{""url"":""https://t.co/9gEDrhAAbP"",""expanded_url"":""https://twitter.com/Liljerosso/status/919228424685850624"",""display_url"":""twitter.com/Liljerosso/sta‚Ä¶"",""indices"":[118,141]}]}"
919276021572145153,UlfJagler,@HenrikSundstrom √Ö √§nd√• vill man sl√§nga minst 45 miljarder i sj√∂n och bygga #v√§stl√§nken. D√§r kan ni b√∂rja spara pengar.,Sat Oct 14 18:57:37 +0000 2017,14/10/2017 19:57:37,,en,38464227,HenrikSundstrom,415043493,919119325801451521,"<a href=""http://twitter.com/download/iphone"" rel=""nofollow"">Twitter for iPhone</a>",http://pbs.twimg.com/profile_images/575317862039969792/i55kOGOM_normal.jpeg,91,148,"Bj√∂rlanda, Absurdistan",http://twitter.com/UlfJagler/statuses/919276021572145153,"{""hashtags"":[{""text"":""v√§stl√§nken"",""indices"":[76,87]}],""symbols"":[],""user_mentions"":[{""screen_name"":""HenrikSundstrom"",""name"":""Henrik Sundstr√∂m"",""id"":38464227,""id_str"":""38464227"",""indices"":[0,16]}],""urls"":[]}"
919255118175981573,trewe,@GoteborgsPosten #v√§stl√§nken marknadsf√∂rs som klimatsmart trots att CO2-utsl√§pp vid bygget aldrig kan r√§knas hem under tunnels livstid. Ansvar?,Sat Oct 14 17:34:33 +0000 2017,14/10/2017 18:34:33,,sv,22316477,trewe,22316477,919254864940732416,"<a href=""http://twitter.com/download/android"" rel=""nofollow"">Twitter for Android</a>",http://pbs.twimg.com/profile_images/598159444480921600/h6BdihG8_normal.jpg,537,1426,Sweden,http://twitter.com/trewe/statuses/919255118175981573,"{""hashtags"":[{""text"":""v√§stl√§nken"",""indices"":[17,28]}],""symbols"":[],""user_mentions"":[{""screen_name"":""GoteborgsPosten"",""name"":""G√∂teborgs-Posten"",""id"":48356270,""id_str"":""48356270"",""indices"":[0,16]}],""urls"":[]}"
919236026668810247,stoppa_VL,@axeljosefson L√§gger ni √∂ver pengarna fr√•n #v√§stl√§nken? Den l√§r ju inte klara MMD.,Sat Oct 14 16:18:41 +0000 2017,14/10/2017 17:18:41,,sv,315964171,axeljosefson,3021205186,919123097722212352,"<a href=""http://twitter.com/download/android"" rel=""nofollow"">Twitter for Android</a>",http://pbs.twimg.com/profile_images/563610641202544640/URJkJeVz_normal.jpeg,256,168,G√∂teborg,http://twitter.com/stoppa_VL/statuses/919236026668810247,"{""hashtags"":[{""text"":""v√§stl√§nken"",""indices"":[43,54]}],""symbols"":[],""user_mentions"":[{""screen_name"":""axeljosefson"",""name"":""Axel Josefson"",""id"":315964171,""id_str"":""315964171"",""indices"":[0,13]}],""urls"":[]}"
919228424685850624,Liljerosso,"Snacka om sj√§lvm√•l. Som sagt - saliga √§r de som tror, fast√§n de inte ser.
#v√§stl√§nken #gbgftw #kfgbg https://t.co/cCbGn2npqI",Sat Oct 14 15:48:29 +0000 2017,14/10/2017 16:48:29,,sv,,,743354966,,"<a href=""http://twitter.com"" rel=""nofollow"">Twitter Web Client</a>",http://pbs.twimg.com/profile_images/697671967676104705/Gl2NBcsD_normal.jpg,402,546,,http://twitter.com/Liljerosso/statuses/919228424685850624,"{""hashtags"":[{""text"":""v√§stl√§nken"",""indices"":[74,85]},{""text"":""gbgftw"",""indices"":[86,93]},{""text"":""kfgbg"",""indices"":[94,100]}],""symbols"":[],""user_mentions"":[],""urls"":[],""media"":[{""id"":919228195290996700,""id_str"":""919228195290996736"",""indices"":[101,124],""media_url"":""http://pbs.twimg.com/media/DMHBLF_X4AAfHgS.jpg"",""media_url_https"":""https://pbs.twimg.com/media/DMHBLF_X4AAfHgS.jpg"",""url"":""https://t.co/cCbGn2npqI"",""display_url"":""pic.twitter.com/cCbGn2npqI"",""expanded_url"":""https://twitter.com/Liljerosso/status/919228424685850624/photo/1"",""type"":""photo"",""sizes"":{""small"":{""w"":680,""h"":483,""resize"":""fit""},""large"":{""w"":920,""h"":654,""resize"":""fit""},""thumb"":{""w"":150,""h"":150,""resize"":""crop""},""medium"":{""w"":920,""h"":654,""resize"":""fit""}}}]}"
919212436934332416,Per_K,Huvudf√∂rhandlingen i mark- och milj√∂domstolen √§r avslutad. #v√§stl√§nken #gbgftw  https://t.co/jIMvtVcjhv,Sat Oct 14 14:44:57 +0000 2017,14/10/2017 15:44:57,,sv,,,21607299,,"<a href=""http://twitter.com/#!/download/ipad"" rel=""nofollow"">Twitter for iPad</a>",http://pbs.twimg.com/profile_images/779996268932296704/-SOshFO3_normal.jpg,1381,3389,"M√∂lndal, Sweden",http://twitter.com/Per_K/statuses/919212436934332416,"{""hashtags"":[{""text"":""v√§stl√§nken"",""indices"":[59,70]},{""text"":""gbgftw"",""indices"":[71,78]}],""symbols"":[],""user_mentions"":[],""urls"":[{""url"":""https://t.co/jIMvtVcjhv"",""expanded_url"":""http://skonagoteborg.nu/huvudforhandlingen-mmd-avslutad/"",""display_url"":""skonagoteborg.nu/huvudforhandli‚Ä¶"",""indices"":[80,103]}]}"
919209995933290496,stoppa_VL,RT @skonagoteborg: Huvudf√∂rhandlingen i mark- och milj√∂domstolen √§r avslutad #v√§stl√§nken #gbgpol https://t.co/rZ1vA8fw7q https://t.co/W2srex4wZd,Sat Oct 14 14:35:15 +0000 2017,14/10/2017 15:35:15,,sv,,,3021205186,,"<a href=""http://twitter.com"" rel=""nofollow"">Twitter Web Client</a>",http://pbs.twimg.com/profile_images/563610641202544640/URJkJeVz_normal.jpeg,256,168,G√∂teborg,http://twitter.com/stoppa_VL/statuses/919209995933290496,"{""hashtags"":[{""text"":""v√§stl√§nken"",""indices"":[77,88]},{""text"":""gbgpol"",""indices"":[89,96]}],""symbols"":[],""user_mentions"":[{""screen_name"":""skonagoteborg"",""name"":""Skona G√∂teborg"",""id"":777834032444866600,""id_str"":""777834032444866560"",""indices"":[3,17]}],""urls"":[{""url"":""https://t.co/rZ1vA8fw7q"",""expanded_url"":""http://skonagoteborg.nu/huvudforhandlingen-mmd-avslutad/"",""display_url"":""skonagoteborg.nu/huvudforhandli‚Ä¶"",""indices"":[97,120]}]}"
919208627180855296,edward_jobson,"RT @stoppa_VL: ""Varf√∂r ska man lyssna p√• TRV om de inte ens sj√§lva vill g√∂ra det?"" https://t.co/kmjE5ARBbM #v√§stl√§nken",Sat Oct 14 14:29:49 +0000 2017,14/10/2017 15:29:49,,en,,,889376046,,"<a href=""http://twitter.com/download/iphone"" rel=""nofollow"">Twitter for iPhone</a>",http://pbs.twimg.com/profile_images/2741085565/b6c36fcc72264f28f9d1895e3559dbea_normal.jpeg,592,1162,,http://twitter.com/edward_jobson/statuses/919208627180855296,"{""hashtags"":[{""text"":""v√§stl√§nken"",""indices"":[107,118]}],""symbols"":[],""user_mentions"":[{""screen_name"":""stoppa_VL"",""name"":""Stoppa V√§stl√§nken Nu"",""id"":3021205186,""id_str"":""3021205186"",""indices"":[3,13]}],""urls"":[{""url"":""https://t.co/kmjE5ARBbM"",""expanded_url"":""http://www.gp.se/ledare/cwejman-v%C3%A4stl%C3%A4nken-%C3%A4r-en-koloss-p%C3%A5-lerf%C3%B6tter-1.4725632"",""display_url"":""gp.se/ledare/cwejman‚Ä¶"",""indices"":[83,106]}]}"
919207989441044480,skonagoteborg,Huvudf√∂rhandlingen i mark- och milj√∂domstolen √§r avslutad #v√§stl√§nken #gbgpol https://t.co/rZ1vA8fw7q https://t.co/W2srex4wZd,Sat Oct 14 14:27:17 +0000 2017,14/10/2017 15:27:17,,sv,,,777834032444866560,,"<a href=""http://publicize.wp.com/"" rel=""nofollow"">WordPress.com</a>",http://pbs.twimg.com/profile_images/777834343335129088/coeoT4Oo_normal.jpg,60,13,"G√∂teborg, Sverige",http://twitter.com/skonagoteborg/statuses/919207989441044480,"{""hashtags"":[{""text"":""v√§stl√§nken"",""indices"":[58,69]},{""text"":""gbgpol"",""indices"":[70,77]}],""symbols"":[],""user_mentions"":[],""urls"":[{""url"":""https://t.co/rZ1vA8fw7q"",""expanded_url"":""http://skonagoteborg.nu/huvudforhandlingen-mmd-avslutad/"",""display_url"":""skonagoteborg.nu/huvudforhandli‚Ä¶"",""indices"":[78,101]}],""media"":[{""id"":919207986924478500,""id_str"":""919207986924478464"",""indices"":[102,125],""media_url"":""http://pbs.twimg.com/media/DMGuyz9V4AAt2T0.jpg"",""media_url_https"":""https://pbs.twimg.com/media/DMGuyz9V4AAt2T0.jpg"",""url"":""https://t.co/W2srex4wZd"",""display_url"":""pic.twitter.com/W2srex4wZd"",""expanded_url"":""https://twitter.com/skonagoteborg/status/919207989441044480/photo/1"",""type"":""photo"",""sizes"":{""medium"":{""w"":300,""h"":199,""resize"":""fit""},""small"":{""w"":300,""h"":199,""resize"":""fit""},""thumb"":{""w"":150,""h"":150,""resize"":""crop""},""large"":{""w"":300,""h"":199,""resize"":""fit""}}}]}"
919114709428789248,stoppa_VL,@Vastsvpaket @vastlanken En torr och lagom filtrerad redog√∂relse. √Öke missade t.ex. Peter Danielssons dragning om ber√§kningarna bakom nyttorna med #v√§stl√§nken.,Sat Oct 14 08:16:37 +0000 2017,14/10/2017 09:16:37,,sv,2377162063,Vastsvpaket,3021205186,918557345726304261,"<a href=""http://twitter.com/download/android"" rel=""nofollow"">Twitter for Android</a>",http://pbs.twimg.com/profile_images/563610641202544640/URJkJeVz_normal.jpeg,256,168,G√∂teborg,http://twitter.com/stoppa_VL/statuses/919114709428789248,"{""hashtags"":[{""text"":""v√§stl√§nken"",""indices"":[147,158]}],""symbols"":[],""user_mentions"":[{""screen_name"":""Vastsvpaket"",""name"":""V√§stsvenska paketet"",""id"":2377162063,""id_str"":""2377162063"",""indices"":[0,12]},{""screen_name"":""vastlanken"",""name"":""V√§stl√§nken"",""id"":724892178942677000,""id_str"":""724892178942676993"",""indices"":[13,24]}],""urls"":[]}"
919113492065652736,TheoPapa1975,Se filmen om #grinigagubbar fyllda 3 √•r https://t.co/ciFtZ0qX64 De √§r v√§rda en stor appl√•d üëèüèª #gbgftw #gbgpol #kfgbg #v√§gvalet #v√§stl√§nken,Sat Oct 14 08:11:47 +0000 2017,14/10/2017 09:11:47,,sv,,,217790919,,"<a href=""http://twitter.com/download/iphone"" rel=""nofollow"">Twitter for iPhone</a>",http://pbs.twimg.com/profile_images/642327709591412736/2LSL5r6D_normal.jpg,1489,1677,G√∂teborg,http://twitter.com/TheoPapa1975/statuses/919113492065652736,"{""hashtags"":[{""text"":""grinigagubbar"",""indices"":[13,27]},{""text"":""gbgftw"",""indices"":[94,101]},{""text"":""gbgpol"",""indices"":[102,109]},{""text"":""kfgbg"",""indices"":[110,116]},{""text"":""v√§gvalet"",""indices"":[117,126]},{""text"":""v√§stl√§nken"",""indices"":[127,138]}],""symbols"":[],""user_mentions"":[],""urls"":[{""url"":""https://t.co/ciFtZ0qX64"",""expanded_url"":""https://www.facebook.com/vagvalet2014/videos/1504606022919838/"",""display_url"":""facebook.com/vagvalet2014/v‚Ä¶"",""indices"":[40,63]}]}"
919089891484499968,Per_K,@e_krang @hejmarja @Hillgren @UlrikaMHedman Motst√•ndet mot #v√§stl√§nken har v√§ldigt lite med r√•ttor att g√∂ra. Desto mer ett gigantiskt sl√∂seri med pengar och stora risker f√∂r... vad?,Sat Oct 14 06:38:00 +0000 2017,14/10/2017 07:38:00,,sv,41792781,e_krang,21607299,918871299052703744,"<a href=""http://twitter.com/#!/download/ipad"" rel=""nofollow"">Twitter for iPad</a>",http://pbs.twimg.com/profile_images/779996268932296704/-SOshFO3_normal.jpg,1381,3389,"M√∂lndal, Sweden",http://twitter.com/Per_K/statuses/919089891484499968,"{""hashtags"":[{""text"":""v√§stl√§nken"",""indices"":[59,70]}],""symbols"":[],""user_mentions"":[{""screen_name"":""e_krang"",""name"":""Erik Kr√•ng"",""id"":41792781,""id_str"":""41792781"",""indices"":[0,8]},{""screen_name"":""hejmarja"",""name"":""marja"",""id"":1368781963,""id_str"":""1368781963"",""indices"":[9,18]},{""screen_name"":""Hillgren"",""name"":""Johanna Hillgren"",""id"":27468992,""id_str"":""27468992"",""indices"":[19,28]},{""screen_name"":""UlrikaMHedman"",""name"":""Ulrika Hedman"",""id"":251028006,""id_str"":""251028006"",""indices"":[29,43]}],""urls"":[]}"
919069306545147904,UlfJagler,@joakimDahlMgbg Synd att ni glatt medverkar till kapitalf√∂rst√∂rning och milj√∂katastrofen #v√§stl√§nken d√•.,Sat Oct 14 05:16:12 +0000 2017,14/10/2017 06:16:12,,en,731781888147390464,joakimDahlMgbg,415043493,916015305910087682,"<a href=""http://twitter.com/download/iphone"" rel=""nofollow"">Twitter for iPhone</a>",http://pbs.twimg.com/profile_images/575317862039969792/i55kOGOM_normal.jpeg,91,148,"Bj√∂rlanda, Absurdistan",http://twitter.com/UlfJagler/statuses/919069306545147904,"{""hashtags"":[{""text"":""v√§stl√§nken"",""indices"":[89,100]}],""symbols"":[],""user_mentions"":[{""screen_name"":""joakimDahlMgbg"",""name"":""Joakim Dahl G√∂teborg"",""id"":731781888147390500,""id_str"":""731781888147390464"",""indices"":[0,15]}],""urls"":[]}"
919069306545147904,UlfJagler,@joakimDahlMgbg Synd att ni glatt medverkar till kapitalf√∂rst√∂rning och milj√∂katastrofen #v√§stl√§nken d√•.,Sat Oct 14 05:16:12 +0000 2017,14/10/2017 06:16:12,,en,731781888147390464,joakimDahlMgbg,415043493,916015305910087682,"<a href=""http://twitter.com/download/iphone"" rel=""nofollow"">Twitter for iPhone</a>",http://pbs.twimg.com/profile_images/575317862039969792/i55kOGOM_normal.jpeg,91,148,"Bj√∂rlanda, Absurdistan",http://twitter.com/UlfJagler/statuses/919069306545147904,"{""hashtags"":[{""text"":""v√§stl√§nken"",""indices"":[89,100]}],""symbols"":[],""user_mentions"":[{""screen_name"":""joakimDahlMgbg"",""name"":""Joakim Dahl G√∂teborg"",""id"":731781888147390500,""id_str"":""731781888147390464"",""indices"":[0,15]}],""urls"":[]}"